model,feature_set,detector,snr_db,channel,Pd,Pfa_achieved,threshold
LOGREG,FS1_time,LOGREG_FS1_time,-20,awgn,0.26666666666666666,0.1,0.4283841499044165
LOGREG,FS1_time,LOGREG_FS1_time,-20,rayleigh,0.26666666666666666,0.1,0.398033258363865
LOGREG,FS1_time,LOGREG_FS1_time,-20,rician,0.2,0.1,0.4375602447193716
LOGREG,FS1_time,LOGREG_FS1_time,-15,awgn,0.4666666666666667,0.1,0.44256557016471715
LOGREG,FS1_time,LOGREG_FS1_time,-15,rayleigh,0.3,0.1,0.43165507251055163
LOGREG,FS1_time,LOGREG_FS1_time,-15,rician,0.3,0.1,0.5283386263376645
LOGREG,FS1_time,LOGREG_FS1_time,-10,awgn,0.9,0.1,0.48444529254468194
LOGREG,FS1_time,LOGREG_FS1_time,-10,rayleigh,0.6666666666666666,0.1,0.44546949734884084
LOGREG,FS1_time,LOGREG_FS1_time,-10,rician,0.8333333333333334,0.1,0.373432511117695
LOGREG,FS1_time,LOGREG_FS1_time,-5,awgn,1.0,0.1,0.45697863551848644
LOGREG,FS1_time,LOGREG_FS1_time,-5,rayleigh,0.7666666666666667,0.1,0.5268684214010155
LOGREG,FS1_time,LOGREG_FS1_time,-5,rician,1.0,0.1,0.5090529583168476
LOGREG,FS1_time,LOGREG_FS1_time,0,awgn,1.0,0.1,0.42589213320788144
LOGREG,FS1_time,LOGREG_FS1_time,0,rayleigh,0.9666666666666667,0.1,0.3629730625728038
LOGREG,FS1_time,LOGREG_FS1_time,0,rician,1.0,0.1,0.44919050489574935
LOGREG,FS1_time,LOGREG_FS1_time,5,awgn,1.0,0.1,0.4209749762729331
LOGREG,FS1_time,LOGREG_FS1_time,5,rayleigh,1.0,0.1,0.3262447045657139
LOGREG,FS1_time,LOGREG_FS1_time,5,rician,1.0,0.1,0.4407971925717533
LOGREG,FS1_time,LOGREG_FS1_time,10,awgn,1.0,0.1,0.4131617985212876
LOGREG,FS1_time,LOGREG_FS1_time,10,rayleigh,1.0,0.1,0.4171854189455422
LOGREG,FS1_time,LOGREG_FS1_time,10,rician,1.0,0.1,0.4103418547719098
DTREE,FS1_time,DTREE_FS1_time,-20,awgn,0.13333333333333333,0.03333333333333333,0.49393939393939396
DTREE,FS1_time,DTREE_FS1_time,-20,rayleigh,0.2,0.06666666666666667,0.351129363449692
DTREE,FS1_time,DTREE_FS1_time,-20,rician,0.2,0.1,0.3654103664986624
DTREE,FS1_time,DTREE_FS1_time,-15,awgn,0.4,0.1,0.3654103664986624
DTREE,FS1_time,DTREE_FS1_time,-15,rayleigh,0.13333333333333333,0.03333333333333333,0.49393939393939396
DTREE,FS1_time,DTREE_FS1_time,-15,rician,0.3,0.03333333333333333,0.49393939393939396
DTREE,FS1_time,DTREE_FS1_time,-10,awgn,0.7666666666666667,0.03333333333333333,0.49393939393939396
DTREE,FS1_time,DTREE_FS1_time,-10,rayleigh,0.5666666666666667,0.03333333333333333,0.49393939393939396
DTREE,FS1_time,DTREE_FS1_time,-10,rician,0.7666666666666667,0.0,0.351129363449692
DTREE,FS1_time,DTREE_FS1_time,-5,awgn,1.0,0.1,0.3654103664986624
DTREE,FS1_time,DTREE_FS1_time,-5,rayleigh,0.8,0.1,0.3654103664986624
DTREE,FS1_time,DTREE_FS1_time,-5,rician,0.9333333333333333,0.1,0.521107954545455
DTREE,FS1_time,DTREE_FS1_time,0,awgn,1.0,0.0,0.49393939393939396
DTREE,FS1_time,DTREE_FS1_time,0,rayleigh,0.9666666666666667,0.1,0.24692849830462354
DTREE,FS1_time,DTREE_FS1_time,0,rician,1.0,0.03333333333333333,0.49393939393939396
DTREE,FS1_time,DTREE_FS1_time,5,awgn,1.0,0.0,0.351129363449692
DTREE,FS1_time,DTREE_FS1_time,5,rayleigh,1.0,0.1,0.26120950135359394
DTREE,FS1_time,DTREE_FS1_time,5,rician,1.0,0.06666666666666667,0.351129363449692
DTREE,FS1_time,DTREE_FS1_time,10,awgn,1.0,0.1,0.3654103664986624
DTREE,FS1_time,DTREE_FS1_time,10,rayleigh,1.0,0.06666666666666667,0.351129363449692
DTREE,FS1_time,DTREE_FS1_time,10,rician,1.0,0.1,0.3654103664986624
KNN,FS1_time,KNN_FS1_time,-20,awgn,0.3,0.1,0.3936127600061018
KNN,FS1_time,KNN_FS1_time,-20,rayleigh,0.23333333333333334,0.1,0.39247541413803005
KNN,FS1_time,KNN_FS1_time,-20,rician,0.26666666666666666,0.1,0.3635218700088006
KNN,FS1_time,KNN_FS1_time,-15,awgn,0.36666666666666664,0.1,0.4247219722477756
KNN,FS1_time,KNN_FS1_time,-15,rayleigh,0.3333333333333333,0.1,0.3465122265145155
KNN,FS1_time,KNN_FS1_time,-15,rician,0.26666666666666666,0.1,0.5001496933782899
KNN,FS1_time,KNN_FS1_time,-10,awgn,0.7333333333333333,0.1,0.4249986612417752
KNN,FS1_time,KNN_FS1_time,-10,rayleigh,0.6666666666666666,0.1,0.35705750112754325
KNN,FS1_time,KNN_FS1_time,-10,rician,0.7333333333333333,0.1,0.37383140153082417
KNN,FS1_time,KNN_FS1_time,-5,awgn,1.0,0.1,0.40016420514293766
KNN,FS1_time,KNN_FS1_time,-5,rayleigh,0.8666666666666667,0.1,0.3826989567517813
KNN,FS1_time,KNN_FS1_time,-5,rician,0.9333333333333333,0.1,0.46967039305229935
KNN,FS1_time,KNN_FS1_time,0,awgn,1.0,0.1,0.36045221662253524
KNN,FS1_time,KNN_FS1_time,0,rayleigh,0.9666666666666667,0.1,0.39295092416273236
KNN,FS1_time,KNN_FS1_time,0,rician,1.0,0.1,0.3749482428506118
KNN,FS1_time,KNN_FS1_time,5,awgn,1.0,0.1,0.3882391294405634
KNN,FS1_time,KNN_FS1_time,5,rayleigh,1.0,0.1,0.349332215057675
KNN,FS1_time,KNN_FS1_time,5,rician,1.0,0.1,0.33930097224971534
KNN,FS1_time,KNN_FS1_time,10,awgn,1.0,0.1,0.4306342079242808
KNN,FS1_time,KNN_FS1_time,10,rayleigh,1.0,0.1,0.4310166374314064
KNN,FS1_time,KNN_FS1_time,10,rician,1.0,0.1,0.4118366695478297
SVM,FS1_time,SVM_FS1_time,-20,awgn,0.26666666666666666,0.1,0.4339656128580469
SVM,FS1_time,SVM_FS1_time,-20,rayleigh,0.3333333333333333,0.1,0.3833191055371801
SVM,FS1_time,SVM_FS1_time,-20,rician,0.23333333333333334,0.1,0.4316924996106201
SVM,FS1_time,SVM_FS1_time,-15,awgn,0.43333333333333335,0.1,0.46020818833345706
SVM,FS1_time,SVM_FS1_time,-15,rayleigh,0.3,0.1,0.43269961594936807
SVM,FS1_time,SVM_FS1_time,-15,rician,0.36666666666666664,0.1,0.5018376293564256
SVM,FS1_time,SVM_FS1_time,-10,awgn,0.9,0.1,0.5093333601403496
SVM,FS1_time,SVM_FS1_time,-10,rayleigh,0.6666666666666666,0.1,0.43649342265446534
SVM,FS1_time,SVM_FS1_time,-10,rician,0.8333333333333334,0.1,0.37506433717039356
SVM,FS1_time,SVM_FS1_time,-5,awgn,1.0,0.1,0.4431106371635677
SVM,FS1_time,SVM_FS1_time,-5,rayleigh,0.8,0.1,0.493143994063398
SVM,FS1_time,SVM_FS1_time,-5,rician,1.0,0.1,0.5088952817838839
SVM,FS1_time,SVM_FS1_time,0,awgn,1.0,0.1,0.4307799845507438
SVM,FS1_time,SVM_FS1_time,0,rayleigh,0.9666666666666667,0.1,0.37359256414697994
SVM,FS1_time,SVM_FS1_time,0,rician,1.0,0.1,0.4163040441973939
SVM,FS1_time,SVM_FS1_time,5,awgn,1.0,0.1,0.41680555660276436
SVM,FS1_time,SVM_FS1_time,5,rayleigh,1.0,0.1,0.3345808976074568
SVM,FS1_time,SVM_FS1_time,5,rician,1.0,0.1,0.42053802398306195
SVM,FS1_time,SVM_FS1_time,10,awgn,1.0,0.1,0.42834553480595267
SVM,FS1_time,SVM_FS1_time,10,rayleigh,1.0,0.1,0.43223182147591893
SVM,FS1_time,SVM_FS1_time,10,rician,1.0,0.1,0.42887428083268636
RF,FS1_time,RF_FS1_time,-20,awgn,0.26666666666666666,0.1,0.43291544696664525
RF,FS1_time,RF_FS1_time,-20,rayleigh,0.3,0.1,0.31876196162162745
RF,FS1_time,RF_FS1_time,-20,rician,0.23333333333333334,0.1,0.4230988359328025
RF,FS1_time,RF_FS1_time,-15,awgn,0.4,0.1,0.435172913532932
RF,FS1_time,RF_FS1_time,-15,rayleigh,0.26666666666666666,0.1,0.3880901939487191
RF,FS1_time,RF_FS1_time,-15,rician,0.3,0.1,0.5027205403292818
RF,FS1_time,RF_FS1_time,-10,awgn,0.8666666666666667,0.1,0.5123485423755854
RF,FS1_time,RF_FS1_time,-10,rayleigh,0.6666666666666666,0.1,0.45166910099613095
RF,FS1_time,RF_FS1_time,-10,rician,0.8333333333333334,0.1,0.3329078406322586
RF,FS1_time,RF_FS1_time,-5,awgn,1.0,0.1,0.4643646049823292
RF,FS1_time,RF_FS1_time,-5,rayleigh,0.7666666666666667,0.1,0.5423311383000116
RF,FS1_time,RF_FS1_time,-5,rician,0.9666666666666667,0.1,0.5564861541995075
RF,FS1_time,RF_FS1_time,0,awgn,1.0,0.1,0.3695269742183485
RF,FS1_time,RF_FS1_time,0,rayleigh,0.9666666666666667,0.1,0.2856518831761049
RF,FS1_time,RF_FS1_time,0,rician,1.0,0.1,0.37630460543718913
RF,FS1_time,RF_FS1_time,5,awgn,1.0,0.1,0.3132835946457976
RF,FS1_time,RF_FS1_time,5,rayleigh,1.0,0.1,0.3288530385708595
RF,FS1_time,RF_FS1_time,5,rician,1.0,0.1,0.4117246995472382
RF,FS1_time,RF_FS1_time,10,awgn,1.0,0.1,0.37331154452528775
RF,FS1_time,RF_FS1_time,10,rayleigh,1.0,0.1,0.37112095951772034
RF,FS1_time,RF_FS1_time,10,rician,1.0,0.1,0.3686261226481334
MLP,FS1_time,MLP_FS1_time,-20,awgn,0.2,0.1,0.42116217940851003
MLP,FS1_time,MLP_FS1_time,-20,rayleigh,0.3333333333333333,0.1,0.3231930005784156
MLP,FS1_time,MLP_FS1_time,-20,rician,0.26666666666666666,0.1,0.3795683969300237
MLP,FS1_time,MLP_FS1_time,-15,awgn,0.4666666666666667,0.1,0.4078975675264961
MLP,FS1_time,MLP_FS1_time,-15,rayleigh,0.23333333333333334,0.1,0.41908508113379456
MLP,FS1_time,MLP_FS1_time,-15,rician,0.3333333333333333,0.1,0.45613808029670083
MLP,FS1_time,MLP_FS1_time,-10,awgn,0.8666666666666667,0.1,0.4911742597095029
MLP,FS1_time,MLP_FS1_time,-10,rayleigh,0.6666666666666666,0.1,0.404441111377111
MLP,FS1_time,MLP_FS1_time,-10,rician,0.8333333333333334,0.1,0.35412739090002254
MLP,FS1_time,MLP_FS1_time,-5,awgn,1.0,0.1,0.40799055774682597
MLP,FS1_time,MLP_FS1_time,-5,rayleigh,0.8,0.1,0.44135942228543007
MLP,FS1_time,MLP_FS1_time,-5,rician,1.0,0.1,0.503559838497657
MLP,FS1_time,MLP_FS1_time,0,awgn,1.0,0.1,0.38818360336628055
MLP,FS1_time,MLP_FS1_time,0,rayleigh,0.9666666666666667,0.1,0.3360338354706893
MLP,FS1_time,MLP_FS1_time,0,rician,1.0,0.1,0.3437713201040915
MLP,FS1_time,MLP_FS1_time,5,awgn,1.0,0.1,0.36063981198694395
MLP,FS1_time,MLP_FS1_time,5,rayleigh,1.0,0.1,0.30572559224294765
MLP,FS1_time,MLP_FS1_time,5,rician,1.0,0.1,0.3751961143161696
MLP,FS1_time,MLP_FS1_time,10,awgn,1.0,0.1,0.39757375869509076
MLP,FS1_time,MLP_FS1_time,10,rayleigh,1.0,0.1,0.39731000207441214
MLP,FS1_time,MLP_FS1_time,10,rician,1.0,0.1,0.33721737446471955
LOGREG,FS2_freq,LOGREG_FS2_freq,-20,awgn,0.16666666666666666,0.1,0.4480668697559771
LOGREG,FS2_freq,LOGREG_FS2_freq,-20,rayleigh,0.26666666666666666,0.1,0.34864134553000353
LOGREG,FS2_freq,LOGREG_FS2_freq,-20,rician,0.2,0.1,0.40542168916137
LOGREG,FS2_freq,LOGREG_FS2_freq,-15,awgn,0.5,0.1,0.44102551745435836
LOGREG,FS2_freq,LOGREG_FS2_freq,-15,rayleigh,0.5,0.1,0.412337855887564
LOGREG,FS2_freq,LOGREG_FS2_freq,-15,rician,0.36666666666666664,0.1,0.4967977550393055
LOGREG,FS2_freq,LOGREG_FS2_freq,-10,awgn,1.0,0.1,0.38445331457321297
LOGREG,FS2_freq,LOGREG_FS2_freq,-10,rayleigh,0.8,0.1,0.37051574952333727
LOGREG,FS2_freq,LOGREG_FS2_freq,-10,rician,0.9,0.1,0.3686359158422432
LOGREG,FS2_freq,LOGREG_FS2_freq,-5,awgn,1.0,0.1,0.2841563178364882
LOGREG,FS2_freq,LOGREG_FS2_freq,-5,rayleigh,0.9,0.1,0.43571271399551026
LOGREG,FS2_freq,LOGREG_FS2_freq,-5,rician,1.0,0.1,0.40808377064727175
LOGREG,FS2_freq,LOGREG_FS2_freq,0,awgn,1.0,0.1,0.3409772290506277
LOGREG,FS2_freq,LOGREG_FS2_freq,0,rayleigh,1.0,0.1,0.351223773947208
LOGREG,FS2_freq,LOGREG_FS2_freq,0,rician,1.0,0.1,0.41770756657610375
LOGREG,FS2_freq,LOGREG_FS2_freq,5,awgn,1.0,0.1,0.405125638713189
LOGREG,FS2_freq,LOGREG_FS2_freq,5,rayleigh,1.0,0.1,0.3315559473915122
LOGREG,FS2_freq,LOGREG_FS2_freq,5,rician,1.0,0.1,0.4064062125896202
LOGREG,FS2_freq,LOGREG_FS2_freq,10,awgn,1.0,0.1,0.4536346340840776
LOGREG,FS2_freq,LOGREG_FS2_freq,10,rayleigh,1.0,0.1,0.3733730258280158
LOGREG,FS2_freq,LOGREG_FS2_freq,10,rician,1.0,0.1,0.5114364958448337
DTREE,FS2_freq,DTREE_FS2_freq,-20,awgn,0.1,0.1,0.478709485578353
DTREE,FS2_freq,DTREE_FS2_freq,-20,rayleigh,0.03333333333333333,0.03333333333333333,0.3442367601246106
DTREE,FS2_freq,DTREE_FS2_freq,-20,rician,0.13333333333333333,0.03333333333333333,0.3442367601246106
DTREE,FS2_freq,DTREE_FS2_freq,-15,awgn,0.4,0.03333333333333333,0.3442367601246106
DTREE,FS2_freq,DTREE_FS2_freq,-15,rayleigh,0.43333333333333335,0.03333333333333333,0.3442367601246106
DTREE,FS2_freq,DTREE_FS2_freq,-15,rician,0.36666666666666664,0.1,0.35254035683942236
DTREE,FS2_freq,DTREE_FS2_freq,-10,awgn,0.8666666666666667,0.1,0.35254035683942236
DTREE,FS2_freq,DTREE_FS2_freq,-10,rayleigh,0.7333333333333333,0.1,0.35254035683942236
DTREE,FS2_freq,DTREE_FS2_freq,-10,rician,0.7333333333333333,0.0,0.3442367601246106
DTREE,FS2_freq,DTREE_FS2_freq,-5,awgn,1.0,0.06666666666666667,0.3442367601246106
DTREE,FS2_freq,DTREE_FS2_freq,-5,rayleigh,0.8333333333333334,0.03333333333333333,0.3442367601246106
DTREE,FS2_freq,DTREE_FS2_freq,-5,rician,1.0,0.03333333333333333,0.42727272727272725
DTREE,FS2_freq,DTREE_FS2_freq,0,awgn,1.0,0.1,0.35484232387823156
DTREE,FS2_freq,DTREE_FS2_freq,0,rayleigh,0.9666666666666667,0.03333333333333333,0.3442367601246106
DTREE,FS2_freq,DTREE_FS2_freq,0,rician,1.0,0.1,0.42957469431153644
DTREE,FS2_freq,DTREE_FS2_freq,5,awgn,1.0,0.03333333333333333,0.3442367601246106
DTREE,FS2_freq,DTREE_FS2_freq,5,rayleigh,0.9666666666666667,0.06666666666666667,0.3442367601246106
DTREE,FS2_freq,DTREE_FS2_freq,5,rician,1.0,0.03333333333333333,0.3442367601246106
DTREE,FS2_freq,DTREE_FS2_freq,10,awgn,1.0,0.06666666666666667,0.3442367601246106
DTREE,FS2_freq,DTREE_FS2_freq,10,rayleigh,1.0,0.03333333333333333,0.3442367601246106
DTREE,FS2_freq,DTREE_FS2_freq,10,rician,1.0,0.03333333333333333,0.3442367601246106
KNN,FS2_freq,KNN_FS2_freq,-20,awgn,0.1,0.1,0.434171280245715
KNN,FS2_freq,KNN_FS2_freq,-20,rayleigh,0.26666666666666666,0.1,0.34397735272492846
KNN,FS2_freq,KNN_FS2_freq,-20,rician,0.3333333333333333,0.1,0.3407965418391745
KNN,FS2_freq,KNN_FS2_freq,-15,awgn,0.3333333333333333,0.1,0.4270454528108463
KNN,FS2_freq,KNN_FS2_freq,-15,rayleigh,0.43333333333333335,0.1,0.3821124289046363
KNN,FS2_freq,KNN_FS2_freq,-15,rician,0.36666666666666664,0.1,0.39082019317019756
KNN,FS2_freq,KNN_FS2_freq,-10,awgn,0.7,0.1,0.4114200700889541
KNN,FS2_freq,KNN_FS2_freq,-10,rayleigh,0.7333333333333333,0.1,0.38817502314977514
KNN,FS2_freq,KNN_FS2_freq,-10,rician,0.6333333333333333,0.1,0.3962556137321467
KNN,FS2_freq,KNN_FS2_freq,-5,awgn,1.0,0.1,0.32611999593438157
KNN,FS2_freq,KNN_FS2_freq,-5,rayleigh,0.9,0.1,0.3406859046753155
KNN,FS2_freq,KNN_FS2_freq,-5,rician,0.9666666666666667,0.1,0.43541108404790113
KNN,FS2_freq,KNN_FS2_freq,0,awgn,1.0,0.1,0.3306881593542573
KNN,FS2_freq,KNN_FS2_freq,0,rayleigh,1.0,0.1,0.37150903215989817
KNN,FS2_freq,KNN_FS2_freq,0,rician,1.0,0.1,0.3904195492558841
KNN,FS2_freq,KNN_FS2_freq,5,awgn,1.0,0.1,0.4161828689482955
KNN,FS2_freq,KNN_FS2_freq,5,rayleigh,0.9666666666666667,0.1,0.36499299640951627
KNN,FS2_freq,KNN_FS2_freq,5,rician,1.0,0.1,0.4225017422980561
KNN,FS2_freq,KNN_FS2_freq,10,awgn,1.0,0.1,0.46661576300444846
KNN,FS2_freq,KNN_FS2_freq,10,rayleigh,1.0,0.1,0.3778058697130228
KNN,FS2_freq,KNN_FS2_freq,10,rician,1.0,0.1,0.4464232776202221
SVM,FS2_freq,SVM_FS2_freq,-20,awgn,0.13333333333333333,0.1,0.44747454400317516
SVM,FS2_freq,SVM_FS2_freq,-20,rayleigh,0.3,0.1,0.30056502428715104
SVM,FS2_freq,SVM_FS2_freq,-20,rician,0.3,0.1,0.3579310240743107
SVM,FS2_freq,SVM_FS2_freq,-15,awgn,0.4,0.1,0.4894047618232966
SVM,FS2_freq,SVM_FS2_freq,-15,rayleigh,0.43333333333333335,0.1,0.40913645845232716
SVM,FS2_freq,SVM_FS2_freq,-15,rician,0.4,0.1,0.428839393915007
SVM,FS2_freq,SVM_FS2_freq,-10,awgn,0.9333333333333333,0.1,0.4305467401663574
SVM,FS2_freq,SVM_FS2_freq,-10,rayleigh,0.7666666666666667,0.1,0.4408091761215667
SVM,FS2_freq,SVM_FS2_freq,-10,rician,0.9,0.1,0.263494375391265
SVM,FS2_freq,SVM_FS2_freq,-5,awgn,1.0,0.1,0.2708304282444227
SVM,FS2_freq,SVM_FS2_freq,-5,rayleigh,0.8666666666666667,0.1,0.5005114285091347
SVM,FS2_freq,SVM_FS2_freq,-5,rician,1.0,0.1,0.35385756761439074
SVM,FS2_freq,SVM_FS2_freq,0,awgn,1.0,0.1,0.36516523959951236
SVM,FS2_freq,SVM_FS2_freq,0,rayleigh,1.0,0.1,0.2936139173109503
SVM,FS2_freq,SVM_FS2_freq,0,rician,1.0,0.1,0.505448585224783
SVM,FS2_freq,SVM_FS2_freq,5,awgn,1.0,0.1,0.4071655261888008
SVM,FS2_freq,SVM_FS2_freq,5,rayleigh,1.0,0.1,0.3328480134519461
SVM,FS2_freq,SVM_FS2_freq,5,rician,1.0,0.1,0.4640053250722174
SVM,FS2_freq,SVM_FS2_freq,10,awgn,1.0,0.1,0.47257032503043245
SVM,FS2_freq,SVM_FS2_freq,10,rayleigh,1.0,0.1,0.4884302905456665
SVM,FS2_freq,SVM_FS2_freq,10,rician,1.0,0.1,0.4465893152476742
RF,FS2_freq,RF_FS2_freq,-20,awgn,0.2,0.1,0.40198301848990875
RF,FS2_freq,RF_FS2_freq,-20,rayleigh,0.3,0.1,0.29024288916032953
RF,FS2_freq,RF_FS2_freq,-20,rician,0.2,0.1,0.36089415612201464
RF,FS2_freq,RF_FS2_freq,-15,awgn,0.4666666666666667,0.1,0.3714605871287751
RF,FS2_freq,RF_FS2_freq,-15,rayleigh,0.5333333333333333,0.1,0.3592831058661651
RF,FS2_freq,RF_FS2_freq,-15,rician,0.43333333333333335,0.1,0.4341692862021023
RF,FS2_freq,RF_FS2_freq,-10,awgn,1.0,0.1,0.3394381156378688
RF,FS2_freq,RF_FS2_freq,-10,rayleigh,0.8,0.1,0.3934894716491871
RF,FS2_freq,RF_FS2_freq,-10,rician,0.9,0.1,0.30561027687825826
RF,FS2_freq,RF_FS2_freq,-5,awgn,1.0,0.1,0.30837365465329225
RF,FS2_freq,RF_FS2_freq,-5,rayleigh,0.8666666666666667,0.1,0.43819216224264823
RF,FS2_freq,RF_FS2_freq,-5,rician,1.0,0.1,0.3686885122864312
RF,FS2_freq,RF_FS2_freq,0,awgn,1.0,0.1,0.31190745194125935
RF,FS2_freq,RF_FS2_freq,0,rayleigh,0.9666666666666667,0.1,0.2739550256517949
RF,FS2_freq,RF_FS2_freq,0,rician,1.0,0.1,0.5004156229510202
RF,FS2_freq,RF_FS2_freq,5,awgn,1.0,0.1,0.28469495479424756
RF,FS2_freq,RF_FS2_freq,5,rayleigh,1.0,0.1,0.3198264430661383
RF,FS2_freq,RF_FS2_freq,5,rician,1.0,0.1,0.31211351642166507
RF,FS2_freq,RF_FS2_freq,10,awgn,1.0,0.1,0.3678956910638439
RF,FS2_freq,RF_FS2_freq,10,rayleigh,1.0,0.1,0.2990474067630214
RF,FS2_freq,RF_FS2_freq,10,rician,1.0,0.1,0.42954912475384804
MLP,FS2_freq,MLP_FS2_freq,-20,awgn,0.13333333333333333,0.1,0.41322964755083824
MLP,FS2_freq,MLP_FS2_freq,-20,rayleigh,0.26666666666666666,0.1,0.2987397726056926
MLP,FS2_freq,MLP_FS2_freq,-20,rician,0.3,0.1,0.3372118644815068
MLP,FS2_freq,MLP_FS2_freq,-15,awgn,0.5333333333333333,0.1,0.4392066722957847
MLP,FS2_freq,MLP_FS2_freq,-15,rayleigh,0.4666666666666667,0.1,0.38897279968480925
MLP,FS2_freq,MLP_FS2_freq,-15,rician,0.36666666666666664,0.1,0.47081106641351395
MLP,FS2_freq,MLP_FS2_freq,-10,awgn,0.9666666666666667,0.1,0.4129096184480903
MLP,FS2_freq,MLP_FS2_freq,-10,rayleigh,0.7666666666666667,0.1,0.3974811111214528
MLP,FS2_freq,MLP_FS2_freq,-10,rician,0.8666666666666667,0.1,0.30294598351417595
MLP,FS2_freq,MLP_FS2_freq,-5,awgn,1.0,0.1,0.27081161882291765
MLP,FS2_freq,MLP_FS2_freq,-5,rayleigh,0.8666666666666667,0.1,0.44919543730284384
MLP,FS2_freq,MLP_FS2_freq,-5,rician,1.0,0.1,0.3402396898965541
MLP,FS2_freq,MLP_FS2_freq,0,awgn,1.0,0.1,0.3243352617470423
MLP,FS2_freq,MLP_FS2_freq,0,rayleigh,1.0,0.1,0.26282125106992865
MLP,FS2_freq,MLP_FS2_freq,0,rician,1.0,0.1,0.47980219957138753
MLP,FS2_freq,MLP_FS2_freq,5,awgn,1.0,0.1,0.4473959361656942
MLP,FS2_freq,MLP_FS2_freq,5,rayleigh,1.0,0.1,0.3108715199822377
MLP,FS2_freq,MLP_FS2_freq,5,rician,1.0,0.1,0.44747742402289814
MLP,FS2_freq,MLP_FS2_freq,10,awgn,1.0,0.1,0.4781214570187823
MLP,FS2_freq,MLP_FS2_freq,10,rayleigh,1.0,0.1,0.46548691417983323
MLP,FS2_freq,MLP_FS2_freq,10,rician,1.0,0.1,0.4476823000763377
LOGREG,FS3_corr,LOGREG_FS3_corr,-20,awgn,0.13333333333333333,0.1,0.3663225337930256
LOGREG,FS3_corr,LOGREG_FS3_corr,-20,rayleigh,0.26666666666666666,0.1,0.3403260368414843
LOGREG,FS3_corr,LOGREG_FS3_corr,-20,rician,0.26666666666666666,0.1,0.33760092609775055
LOGREG,FS3_corr,LOGREG_FS3_corr,-15,awgn,0.4,0.1,0.36075276810247453
LOGREG,FS3_corr,LOGREG_FS3_corr,-15,rayleigh,0.43333333333333335,0.1,0.3430887050755698
LOGREG,FS3_corr,LOGREG_FS3_corr,-15,rician,0.4,0.1,0.37947027161326097
LOGREG,FS3_corr,LOGREG_FS3_corr,-10,awgn,1.0,0.1,0.33886211414534567
LOGREG,FS3_corr,LOGREG_FS3_corr,-10,rayleigh,0.7333333333333333,0.1,0.34818198357600527
LOGREG,FS3_corr,LOGREG_FS3_corr,-10,rician,0.9,0.1,0.36527806020415227
LOGREG,FS3_corr,LOGREG_FS3_corr,-5,awgn,1.0,0.1,0.3769987772317075
LOGREG,FS3_corr,LOGREG_FS3_corr,-5,rayleigh,0.8666666666666667,0.1,0.368388069173519
LOGREG,FS3_corr,LOGREG_FS3_corr,-5,rician,1.0,0.1,0.39299365942272735
LOGREG,FS3_corr,LOGREG_FS3_corr,0,awgn,1.0,0.1,0.3705640973002684
LOGREG,FS3_corr,LOGREG_FS3_corr,0,rayleigh,0.9666666666666667,0.1,0.3354988169310552
LOGREG,FS3_corr,LOGREG_FS3_corr,0,rician,1.0,0.1,0.36428649250619777
LOGREG,FS3_corr,LOGREG_FS3_corr,5,awgn,1.0,0.1,0.3536408785723328
LOGREG,FS3_corr,LOGREG_FS3_corr,5,rayleigh,1.0,0.1,0.36474182594149995
LOGREG,FS3_corr,LOGREG_FS3_corr,5,rician,1.0,0.1,0.3451086977909779
LOGREG,FS3_corr,LOGREG_FS3_corr,10,awgn,1.0,0.1,0.3317137469949598
LOGREG,FS3_corr,LOGREG_FS3_corr,10,rayleigh,1.0,0.1,0.34242041330389644
LOGREG,FS3_corr,LOGREG_FS3_corr,10,rician,1.0,0.1,0.3560049200725874
DTREE,FS3_corr,DTREE_FS3_corr,-20,awgn,0.03333333333333333,0.03333333333333333,0.4411764705882353
DTREE,FS3_corr,DTREE_FS3_corr,-20,rayleigh,0.03333333333333333,0.03333333333333333,0.4411764705882353
DTREE,FS3_corr,DTREE_FS3_corr,-20,rician,0.23333333333333334,0.1,0.2996015180265657
DTREE,FS3_corr,DTREE_FS3_corr,-15,awgn,0.16666666666666666,0.03333333333333333,0.4411764705882353
DTREE,FS3_corr,DTREE_FS3_corr,-15,rayleigh,0.36666666666666664,0.06666666666666667,0.2838709677419355
DTREE,FS3_corr,DTREE_FS3_corr,-15,rician,0.36666666666666664,0.0,0.4411764705882353
DTREE,FS3_corr,DTREE_FS3_corr,-10,awgn,0.8666666666666667,0.0,0.4411764705882353
DTREE,FS3_corr,DTREE_FS3_corr,-10,rayleigh,0.6666666666666666,0.06666666666666667,0.2838709677419355
DTREE,FS3_corr,DTREE_FS3_corr,-10,rician,0.8666666666666667,0.06666666666666667,0.2838709677419355
DTREE,FS3_corr,DTREE_FS3_corr,-5,awgn,1.0,0.03333333333333333,0.4411764705882353
DTREE,FS3_corr,DTREE_FS3_corr,-5,rayleigh,0.8333333333333334,0.0,0.4411764705882353
DTREE,FS3_corr,DTREE_FS3_corr,-5,rician,0.9666666666666667,0.0,0.4411764705882353
DTREE,FS3_corr,DTREE_FS3_corr,0,awgn,1.0,0.1,0.2996015180265657
DTREE,FS3_corr,DTREE_FS3_corr,0,rayleigh,0.9666666666666667,0.06666666666666667,0.2265886287625418
DTREE,FS3_corr,DTREE_FS3_corr,0,rician,1.0,0.1,0.2996015180265657
DTREE,FS3_corr,DTREE_FS3_corr,5,awgn,1.0,0.06666666666666667,0.2838709677419355
DTREE,FS3_corr,DTREE_FS3_corr,5,rayleigh,1.0,0.1,0.24804741294511146
DTREE,FS3_corr,DTREE_FS3_corr,5,rician,1.0,0.06666666666666667,0.4411764705882353
DTREE,FS3_corr,DTREE_FS3_corr,10,awgn,1.0,0.06666666666666667,0.2838709677419355
DTREE,FS3_corr,DTREE_FS3_corr,10,rayleigh,1.0,0.1,0.2996015180265657
DTREE,FS3_corr,DTREE_FS3_corr,10,rician,1.0,0.03333333333333333,0.4411764705882353
KNN,FS3_corr,KNN_FS3_corr,-20,awgn,0.13333333333333333,0.1,0.3680000000000001
KNN,FS3_corr,KNN_FS3_corr,-20,rayleigh,0.13333333333333333,0.06666666666666667,0.36
KNN,FS3_corr,KNN_FS3_corr,-20,rician,0.1,0.06666666666666667,0.4
KNN,FS3_corr,KNN_FS3_corr,-15,awgn,0.2,0.06666666666666667,0.4
KNN,FS3_corr,KNN_FS3_corr,-15,rayleigh,0.23333333333333334,0.06666666666666667,0.36
KNN,FS3_corr,KNN_FS3_corr,-15,rician,0.4,0.1,0.36400000000000005
KNN,FS3_corr,KNN_FS3_corr,-10,awgn,0.9666666666666667,0.06666666666666667,0.36
KNN,FS3_corr,KNN_FS3_corr,-10,rayleigh,0.7333333333333333,0.1,0.28800000000000014
KNN,FS3_corr,KNN_FS3_corr,-10,rician,0.7333333333333333,0.1,0.4040000000000001
KNN,FS3_corr,KNN_FS3_corr,-5,awgn,1.0,0.1,0.36400000000000005
KNN,FS3_corr,KNN_FS3_corr,-5,rayleigh,0.8666666666666667,0.1,0.36400000000000005
KNN,FS3_corr,KNN_FS3_corr,-5,rician,0.9666666666666667,0.1,0.41600000000000026
KNN,FS3_corr,KNN_FS3_corr,0,awgn,1.0,0.1,0.2840000000000001
KNN,FS3_corr,KNN_FS3_corr,0,rayleigh,0.9666666666666667,0.1,0.32400000000000007
KNN,FS3_corr,KNN_FS3_corr,0,rician,0.9666666666666667,0.03333333333333333,0.36
KNN,FS3_corr,KNN_FS3_corr,5,awgn,1.0,0.03333333333333333,0.32
KNN,FS3_corr,KNN_FS3_corr,5,rayleigh,0.9666666666666667,0.1,0.32400000000000007
KNN,FS3_corr,KNN_FS3_corr,5,rician,1.0,0.06666666666666667,0.32
KNN,FS3_corr,KNN_FS3_corr,10,awgn,1.0,0.1,0.32400000000000007
KNN,FS3_corr,KNN_FS3_corr,10,rayleigh,1.0,0.1,0.2840000000000001
KNN,FS3_corr,KNN_FS3_corr,10,rician,1.0,0.1,0.36400000000000005
SVM,FS3_corr,SVM_FS3_corr,-20,awgn,0.13333333333333333,0.1,0.42552280482528443
SVM,FS3_corr,SVM_FS3_corr,-20,rayleigh,0.26666666666666666,0.1,0.36805227627449205
SVM,FS3_corr,SVM_FS3_corr,-20,rician,0.23333333333333334,0.1,0.4104287117375796
SVM,FS3_corr,SVM_FS3_corr,-15,awgn,0.36666666666666664,0.1,0.429671526692175
SVM,FS3_corr,SVM_FS3_corr,-15,rayleigh,0.36666666666666664,0.1,0.4060732402366574
SVM,FS3_corr,SVM_FS3_corr,-15,rician,0.4666666666666667,0.1,0.4433938408660158
SVM,FS3_corr,SVM_FS3_corr,-10,awgn,1.0,0.1,0.4022426364051018
SVM,FS3_corr,SVM_FS3_corr,-10,rayleigh,0.7666666666666667,0.1,0.39528998589722053
SVM,FS3_corr,SVM_FS3_corr,-10,rician,0.9,0.1,0.4543203754211748
SVM,FS3_corr,SVM_FS3_corr,-5,awgn,1.0,0.1,0.4891638575679864
SVM,FS3_corr,SVM_FS3_corr,-5,rayleigh,0.8666666666666667,0.1,0.43729272891485343
SVM,FS3_corr,SVM_FS3_corr,-5,rician,1.0,0.1,0.4463970437358969
SVM,FS3_corr,SVM_FS3_corr,0,awgn,1.0,0.1,0.4751579036540186
SVM,FS3_corr,SVM_FS3_corr,0,rayleigh,0.9666666666666667,0.1,0.3761427771422464
SVM,FS3_corr,SVM_FS3_corr,0,rician,1.0,0.1,0.4241712799786557
SVM,FS3_corr,SVM_FS3_corr,5,awgn,1.0,0.1,0.38942892790849465
SVM,FS3_corr,SVM_FS3_corr,5,rayleigh,0.9666666666666667,0.1,0.4780243664580102
SVM,FS3_corr,SVM_FS3_corr,5,rician,1.0,0.1,0.3795326288160296
SVM,FS3_corr,SVM_FS3_corr,10,awgn,1.0,0.1,0.3547221110797034
SVM,FS3_corr,SVM_FS3_corr,10,rayleigh,1.0,0.1,0.37510463826183954
SVM,FS3_corr,SVM_FS3_corr,10,rician,1.0,0.1,0.3944020526360394
RF,FS3_corr,RF_FS3_corr,-20,awgn,0.13333333333333333,0.1,0.43388884164895847
RF,FS3_corr,RF_FS3_corr,-20,rayleigh,0.3333333333333333,0.1,0.3206928467998521
RF,FS3_corr,RF_FS3_corr,-20,rician,0.16666666666666666,0.1,0.4036791381621234
RF,FS3_corr,RF_FS3_corr,-15,awgn,0.3333333333333333,0.1,0.45934443372850847
RF,FS3_corr,RF_FS3_corr,-15,rayleigh,0.4,0.1,0.3293715653515305
RF,FS3_corr,RF_FS3_corr,-15,rician,0.43333333333333335,0.1,0.4275148057242825
RF,FS3_corr,RF_FS3_corr,-10,awgn,0.9666666666666667,0.1,0.370587524315707
RF,FS3_corr,RF_FS3_corr,-10,rayleigh,0.6666666666666666,0.1,0.3970990214641265
RF,FS3_corr,RF_FS3_corr,-10,rician,0.8333333333333334,0.1,0.3637255962155347
RF,FS3_corr,RF_FS3_corr,-5,awgn,1.0,0.1,0.49875070656470644
RF,FS3_corr,RF_FS3_corr,-5,rayleigh,0.8666666666666667,0.1,0.3800562465947223
RF,FS3_corr,RF_FS3_corr,-5,rician,0.9666666666666667,0.1,0.48153105363967136
RF,FS3_corr,RF_FS3_corr,0,awgn,1.0,0.1,0.33036582793491603
RF,FS3_corr,RF_FS3_corr,0,rayleigh,0.9666666666666667,0.1,0.29372603784583956
RF,FS3_corr,RF_FS3_corr,0,rician,1.0,0.1,0.41543289969232006
RF,FS3_corr,RF_FS3_corr,5,awgn,1.0,0.1,0.27213584352542936
RF,FS3_corr,RF_FS3_corr,5,rayleigh,1.0,0.1,0.31177778704977666
RF,FS3_corr,RF_FS3_corr,5,rician,1.0,0.1,0.3136486689652234
RF,FS3_corr,RF_FS3_corr,10,awgn,1.0,0.1,0.2995263526348081
RF,FS3_corr,RF_FS3_corr,10,rayleigh,1.0,0.1,0.33180081447164594
RF,FS3_corr,RF_FS3_corr,10,rician,1.0,0.1,0.35541783323998194
MLP,FS3_corr,MLP_FS3_corr,-20,awgn,0.1,0.1,0.3939409229986465
MLP,FS3_corr,MLP_FS3_corr,-20,rayleigh,0.23333333333333334,0.1,0.3433886189721438
MLP,FS3_corr,MLP_FS3_corr,-20,rician,0.26666666666666666,0.1,0.3527389685998854
MLP,FS3_corr,MLP_FS3_corr,-15,awgn,0.4,0.1,0.38329062168689254
MLP,FS3_corr,MLP_FS3_corr,-15,rayleigh,0.4,0.1,0.37234724941621467
MLP,FS3_corr,MLP_FS3_corr,-15,rician,0.43333333333333335,0.1,0.3905726992572059
MLP,FS3_corr,MLP_FS3_corr,-10,awgn,1.0,0.1,0.3587980891731378
MLP,FS3_corr,MLP_FS3_corr,-10,rayleigh,0.7333333333333333,0.1,0.364239934241268
MLP,FS3_corr,MLP_FS3_corr,-10,rician,0.9,0.1,0.3998405926599071
MLP,FS3_corr,MLP_FS3_corr,-5,awgn,1.0,0.1,0.4219120551359507
MLP,FS3_corr,MLP_FS3_corr,-5,rayleigh,0.8666666666666667,0.1,0.39630372227616134
MLP,FS3_corr,MLP_FS3_corr,-5,rician,1.0,0.1,0.41953772748575385
MLP,FS3_corr,MLP_FS3_corr,0,awgn,1.0,0.1,0.41192373703966834
MLP,FS3_corr,MLP_FS3_corr,0,rayleigh,0.9666666666666667,0.1,0.34360773574069786
MLP,FS3_corr,MLP_FS3_corr,0,rician,1.0,0.1,0.38046174905785557
MLP,FS3_corr,MLP_FS3_corr,5,awgn,1.0,0.1,0.36301915711923033
MLP,FS3_corr,MLP_FS3_corr,5,rayleigh,0.9666666666666667,0.1,0.4165086386591872
MLP,FS3_corr,MLP_FS3_corr,5,rician,1.0,0.1,0.35427773300190396
MLP,FS3_corr,MLP_FS3_corr,10,awgn,1.0,0.1,0.3255074962747623
MLP,FS3_corr,MLP_FS3_corr,10,rayleigh,1.0,0.1,0.34519415608351256
MLP,FS3_corr,MLP_FS3_corr,10,rician,1.0,0.1,0.3606091074346924
LOGREG,FS4_hybrid,LOGREG_FS4_hybrid,-20,awgn,0.16666666666666666,0.1,0.4151404806575801
LOGREG,FS4_hybrid,LOGREG_FS4_hybrid,-20,rayleigh,0.3,0.1,0.4168222339132912
LOGREG,FS4_hybrid,LOGREG_FS4_hybrid,-20,rician,0.26666666666666666,0.1,0.4266073406444981
LOGREG,FS4_hybrid,LOGREG_FS4_hybrid,-15,awgn,0.5333333333333333,0.1,0.41370891375045926
LOGREG,FS4_hybrid,LOGREG_FS4_hybrid,-15,rayleigh,0.5666666666666667,0.1,0.36410191542840853
LOGREG,FS4_hybrid,LOGREG_FS4_hybrid,-15,rician,0.4,0.1,0.45833715714238504
LOGREG,FS4_hybrid,LOGREG_FS4_hybrid,-10,awgn,1.0,0.1,0.3978370720795642
LOGREG,FS4_hybrid,LOGREG_FS4_hybrid,-10,rayleigh,0.7333333333333333,0.1,0.3540428510025519
LOGREG,FS4_hybrid,LOGREG_FS4_hybrid,-10,rician,0.9,0.1,0.34618588890875823
LOGREG,FS4_hybrid,LOGREG_FS4_hybrid,-5,awgn,1.0,0.1,0.26991229907257364
LOGREG,FS4_hybrid,LOGREG_FS4_hybrid,-5,rayleigh,0.9,0.1,0.39792030798763955
LOGREG,FS4_hybrid,LOGREG_FS4_hybrid,-5,rician,1.0,0.1,0.43986521247487254
LOGREG,FS4_hybrid,LOGREG_FS4_hybrid,0,awgn,1.0,0.1,0.4659793653549699
LOGREG,FS4_hybrid,LOGREG_FS4_hybrid,0,rayleigh,0.9666666666666667,0.1,0.2763946148178628
LOGREG,FS4_hybrid,LOGREG_FS4_hybrid,0,rician,1.0,0.1,0.34911543914654447
LOGREG,FS4_hybrid,LOGREG_FS4_hybrid,5,awgn,1.0,0.1,0.4722064991179355
LOGREG,FS4_hybrid,LOGREG_FS4_hybrid,5,rayleigh,1.0,0.1,0.33370523292187854
LOGREG,FS4_hybrid,LOGREG_FS4_hybrid,5,rician,1.0,0.1,0.3559713580081008
LOGREG,FS4_hybrid,LOGREG_FS4_hybrid,10,awgn,1.0,0.1,0.4003626103515991
LOGREG,FS4_hybrid,LOGREG_FS4_hybrid,10,rayleigh,1.0,0.1,0.38074402642806354
LOGREG,FS4_hybrid,LOGREG_FS4_hybrid,10,rician,1.0,0.1,0.4145341598861002
DTREE,FS4_hybrid,DTREE_FS4_hybrid,-20,awgn,0.13333333333333333,0.1,0.37185581303228393
DTREE,FS4_hybrid,DTREE_FS4_hybrid,-20,rayleigh,0.36666666666666664,0.1,0.1800915209094892
DTREE,FS4_hybrid,DTREE_FS4_hybrid,-20,rician,0.16666666666666666,0.1,0.3235000927914317
DTREE,FS4_hybrid,DTREE_FS4_hybrid,-15,awgn,0.4,0.06666666666666667,0.2992125984251969
DTREE,FS4_hybrid,DTREE_FS4_hybrid,-15,rayleigh,0.36666666666666664,0.1,0.3045854562297361
DTREE,FS4_hybrid,DTREE_FS4_hybrid,-15,rician,0.36666666666666664,0.0,0.5420875420875421
DTREE,FS4_hybrid,DTREE_FS4_hybrid,-10,awgn,1.0,0.03333333333333333,0.2992125984251969
DTREE,FS4_hybrid,DTREE_FS4_hybrid,-10,rayleigh,0.6666666666666666,0.06666666666666667,0.2992125984251969
DTREE,FS4_hybrid,DTREE_FS4_hybrid,-10,rician,0.8666666666666667,0.06666666666666667,0.29095354523227385
DTREE,FS4_hybrid,DTREE_FS4_hybrid,-5,awgn,1.0,0.06666666666666667,0.2992125984251969
DTREE,FS4_hybrid,DTREE_FS4_hybrid,-5,rayleigh,0.8333333333333334,0.0,0.5420875420875421
DTREE,FS4_hybrid,DTREE_FS4_hybrid,-5,rician,1.0,0.03333333333333333,0.2992125984251969
DTREE,FS4_hybrid,DTREE_FS4_hybrid,0,awgn,1.0,0.03333333333333333,0.2992125984251969
DTREE,FS4_hybrid,DTREE_FS4_hybrid,0,rayleigh,1.0,0.1,0.1792656155901969
DTREE,FS4_hybrid,DTREE_FS4_hybrid,0,rician,1.0,0.03333333333333333,0.2992125984251969
DTREE,FS4_hybrid,DTREE_FS4_hybrid,5,awgn,1.0,0.1,0.3235000927914317
DTREE,FS4_hybrid,DTREE_FS4_hybrid,5,rayleigh,1.0,0.1,0.2917794505515662
DTREE,FS4_hybrid,DTREE_FS4_hybrid,5,rician,1.0,0.1,0.3045854562297361
DTREE,FS4_hybrid,DTREE_FS4_hybrid,10,awgn,1.0,0.0,0.2992125984251969
DTREE,FS4_hybrid,DTREE_FS4_hybrid,10,rayleigh,1.0,0.0,0.2992125984251969
DTREE,FS4_hybrid,DTREE_FS4_hybrid,10,rician,1.0,0.1,0.2917794505515662
KNN,FS4_hybrid,KNN_FS4_hybrid,-20,awgn,0.2,0.1,0.4040000000000001
KNN,FS4_hybrid,KNN_FS4_hybrid,-20,rayleigh,0.23333333333333334,0.1,0.32400000000000007
KNN,FS4_hybrid,KNN_FS4_hybrid,-20,rician,0.26666666666666666,0.1,0.32400000000000007
KNN,FS4_hybrid,KNN_FS4_hybrid,-15,awgn,0.16666666666666666,0.1,0.4040000000000001
KNN,FS4_hybrid,KNN_FS4_hybrid,-15,rayleigh,0.2,0.06666666666666667,0.4
KNN,FS4_hybrid,KNN_FS4_hybrid,-15,rician,0.13333333333333333,0.06666666666666667,0.48
KNN,FS4_hybrid,KNN_FS4_hybrid,-10,awgn,0.8333333333333334,0.0,0.36
KNN,FS4_hybrid,KNN_FS4_hybrid,-10,rayleigh,0.7666666666666667,0.1,0.28800000000000014
KNN,FS4_hybrid,KNN_FS4_hybrid,-10,rician,0.8666666666666667,0.06666666666666667,0.32
KNN,FS4_hybrid,KNN_FS4_hybrid,-5,awgn,1.0,0.06666666666666667,0.32
KNN,FS4_hybrid,KNN_FS4_hybrid,-5,rayleigh,0.9,0.1,0.36400000000000005
KNN,FS4_hybrid,KNN_FS4_hybrid,-5,rician,1.0,0.03333333333333333,0.32
KNN,FS4_hybrid,KNN_FS4_hybrid,0,awgn,1.0,0.1,0.32400000000000007
KNN,FS4_hybrid,KNN_FS4_hybrid,0,rayleigh,0.9666666666666667,0.1,0.36400000000000005
KNN,FS4_hybrid,KNN_FS4_hybrid,0,rician,1.0,0.1,0.36400000000000005
KNN,FS4_hybrid,KNN_FS4_hybrid,5,awgn,1.0,0.03333333333333333,0.36
KNN,FS4_hybrid,KNN_FS4_hybrid,5,rayleigh,1.0,0.1,0.32400000000000007
KNN,FS4_hybrid,KNN_FS4_hybrid,5,rician,1.0,0.03333333333333333,0.32
KNN,FS4_hybrid,KNN_FS4_hybrid,10,awgn,1.0,0.1,0.36400000000000005
KNN,FS4_hybrid,KNN_FS4_hybrid,10,rayleigh,1.0,0.1,0.32400000000000007
KNN,FS4_hybrid,KNN_FS4_hybrid,10,rician,1.0,0.1,0.36400000000000005
SVM,FS4_hybrid,SVM_FS4_hybrid,-20,awgn,0.26666666666666666,0.1,0.42797224170816195
SVM,FS4_hybrid,SVM_FS4_hybrid,-20,rayleigh,0.26666666666666666,0.1,0.3650041776134915
SVM,FS4_hybrid,SVM_FS4_hybrid,-20,rician,0.2,0.1,0.5211074668553068
SVM,FS4_hybrid,SVM_FS4_hybrid,-15,awgn,0.4666666666666667,0.1,0.44893338449246056
SVM,FS4_hybrid,SVM_FS4_hybrid,-15,rayleigh,0.5,0.1,0.42693073805202525
SVM,FS4_hybrid,SVM_FS4_hybrid,-15,rician,0.3333333333333333,0.1,0.5226423568865141
SVM,FS4_hybrid,SVM_FS4_hybrid,-10,awgn,1.0,0.1,0.3789901550043068
SVM,FS4_hybrid,SVM_FS4_hybrid,-10,rayleigh,0.7666666666666667,0.1,0.3828825603718148
SVM,FS4_hybrid,SVM_FS4_hybrid,-10,rician,0.9333333333333333,0.1,0.3471257075943448
SVM,FS4_hybrid,SVM_FS4_hybrid,-5,awgn,1.0,0.1,0.30355309604660013
SVM,FS4_hybrid,SVM_FS4_hybrid,-5,rayleigh,0.9333333333333333,0.1,0.4524867726131015
SVM,FS4_hybrid,SVM_FS4_hybrid,-5,rician,1.0,0.1,0.42326875206861936
SVM,FS4_hybrid,SVM_FS4_hybrid,0,awgn,1.0,0.1,0.4572890291745019
SVM,FS4_hybrid,SVM_FS4_hybrid,0,rayleigh,0.9666666666666667,0.1,0.34150124530463777
SVM,FS4_hybrid,SVM_FS4_hybrid,0,rician,1.0,0.1,0.4113328144487214
SVM,FS4_hybrid,SVM_FS4_hybrid,5,awgn,1.0,0.1,0.4710839311816196
SVM,FS4_hybrid,SVM_FS4_hybrid,5,rayleigh,1.0,0.1,0.2872976254667834
SVM,FS4_hybrid,SVM_FS4_hybrid,5,rician,1.0,0.1,0.39065779925214006
SVM,FS4_hybrid,SVM_FS4_hybrid,10,awgn,1.0,0.1,0.5165614727287617
SVM,FS4_hybrid,SVM_FS4_hybrid,10,rayleigh,1.0,0.1,0.3789823297487373
SVM,FS4_hybrid,SVM_FS4_hybrid,10,rician,1.0,0.1,0.379876966089281
RF,FS4_hybrid,RF_FS4_hybrid,-20,awgn,0.16666666666666666,0.1,0.4301467075988089
RF,FS4_hybrid,RF_FS4_hybrid,-20,rayleigh,0.26666666666666666,0.1,0.3232429465520287
RF,FS4_hybrid,RF_FS4_hybrid,-20,rician,0.3333333333333333,0.1,0.32863516177296026
RF,FS4_hybrid,RF_FS4_hybrid,-15,awgn,0.4666666666666667,0.1,0.4100140755918345
RF,FS4_hybrid,RF_FS4_hybrid,-15,rayleigh,0.5,0.1,0.3337367816053774
RF,FS4_hybrid,RF_FS4_hybrid,-15,rician,0.5,0.1,0.3803355454121226
RF,FS4_hybrid,RF_FS4_hybrid,-10,awgn,1.0,0.1,0.37530253961137144
RF,FS4_hybrid,RF_FS4_hybrid,-10,rayleigh,0.7333333333333333,0.1,0.3397379737531775
RF,FS4_hybrid,RF_FS4_hybrid,-10,rician,0.8666666666666667,0.1,0.33597592638453033
RF,FS4_hybrid,RF_FS4_hybrid,-5,awgn,1.0,0.1,0.3256346653938223
RF,FS4_hybrid,RF_FS4_hybrid,-5,rayleigh,0.9,0.1,0.39798574751522225
RF,FS4_hybrid,RF_FS4_hybrid,-5,rician,1.0,0.1,0.3507175128805878
RF,FS4_hybrid,RF_FS4_hybrid,0,awgn,1.0,0.1,0.3126594738157598
RF,FS4_hybrid,RF_FS4_hybrid,0,rayleigh,0.9666666666666667,0.1,0.27183356762288835
RF,FS4_hybrid,RF_FS4_hybrid,0,rician,1.0,0.1,0.33290915925705344
RF,FS4_hybrid,RF_FS4_hybrid,5,awgn,1.0,0.1,0.4395049472818642
RF,FS4_hybrid,RF_FS4_hybrid,5,rayleigh,1.0,0.1,0.3312130415421398
RF,FS4_hybrid,RF_FS4_hybrid,5,rician,1.0,0.1,0.32471827618419374
RF,FS4_hybrid,RF_FS4_hybrid,10,awgn,1.0,0.1,0.3526969657562983
RF,FS4_hybrid,RF_FS4_hybrid,10,rayleigh,1.0,0.1,0.31121362356101817
RF,FS4_hybrid,RF_FS4_hybrid,10,rician,1.0,0.1,0.37030289504017927
MLP,FS4_hybrid,MLP_FS4_hybrid,-20,awgn,0.3,0.1,0.34785446014236293
MLP,FS4_hybrid,MLP_FS4_hybrid,-20,rayleigh,0.23333333333333334,0.1,0.37956668976628516
MLP,FS4_hybrid,MLP_FS4_hybrid,-20,rician,0.16666666666666666,0.1,0.48745197091729914
MLP,FS4_hybrid,MLP_FS4_hybrid,-15,awgn,0.6666666666666666,0.1,0.3797531859236942
MLP,FS4_hybrid,MLP_FS4_hybrid,-15,rayleigh,0.4666666666666667,0.1,0.40803317146689116
MLP,FS4_hybrid,MLP_FS4_hybrid,-15,rician,0.3,0.1,0.49351494102801385
MLP,FS4_hybrid,MLP_FS4_hybrid,-10,awgn,1.0,0.1,0.37030745775689855
MLP,FS4_hybrid,MLP_FS4_hybrid,-10,rayleigh,0.8333333333333334,0.1,0.3361384265959729
MLP,FS4_hybrid,MLP_FS4_hybrid,-10,rician,0.9333333333333333,0.1,0.287635479657383
MLP,FS4_hybrid,MLP_FS4_hybrid,-5,awgn,1.0,0.1,0.26400059191411446
MLP,FS4_hybrid,MLP_FS4_hybrid,-5,rayleigh,0.9333333333333333,0.1,0.4433876711078737
MLP,FS4_hybrid,MLP_FS4_hybrid,-5,rician,1.0,0.1,0.401405955726255
MLP,FS4_hybrid,MLP_FS4_hybrid,0,awgn,1.0,0.1,0.3199466185649992
MLP,FS4_hybrid,MLP_FS4_hybrid,0,rayleigh,1.0,0.1,0.29514287867009475
MLP,FS4_hybrid,MLP_FS4_hybrid,0,rician,1.0,0.1,0.4147643399218514
MLP,FS4_hybrid,MLP_FS4_hybrid,5,awgn,1.0,0.1,0.4576406024438616
MLP,FS4_hybrid,MLP_FS4_hybrid,5,rayleigh,1.0,0.1,0.2545825083775494
MLP,FS4_hybrid,MLP_FS4_hybrid,5,rician,1.0,0.1,0.4057054138165505
MLP,FS4_hybrid,MLP_FS4_hybrid,10,awgn,1.0,0.1,0.4718626700772182
MLP,FS4_hybrid,MLP_FS4_hybrid,10,rayleigh,1.0,0.1,0.3412042979998908
MLP,FS4_hybrid,MLP_FS4_hybrid,10,rician,1.0,0.1,0.34088978886846505
