model,training,snr_db,channel,threshold,n_h0,n_h1_all,n_h1_16qam,n_h1_fsk,Pd_all,Pd_16qam_only,Pd_fsk_only
LOGREG,matched,-20,awgn,0.4151404806575801,30,30,6,7,0.16666666666666666,0.16666666666666666,0.0
LOGREG,matched,-20,rayleigh,0.4168222339132912,30,30,9,7,0.3,0.3333333333333333,0.42857142857142855
LOGREG,matched,-20,rician,0.4266073406444981,30,30,13,1,0.26666666666666666,0.5384615384615384,0.0
LOGREG,matched,-15,awgn,0.41370891375045926,30,30,4,11,0.5333333333333333,0.75,0.36363636363636365
LOGREG,matched,-15,rayleigh,0.36410191542840853,30,30,8,8,0.5666666666666667,0.375,0.75
LOGREG,matched,-15,rician,0.45833715714238504,30,30,5,11,0.4,0.6,0.36363636363636365
LOGREG,matched,-10,awgn,0.3978370720795642,30,30,5,7,1.0,1.0,1.0
LOGREG,matched,-10,rayleigh,0.3540428510025519,30,30,10,6,0.7333333333333333,0.8,0.6666666666666666
LOGREG,matched,-10,rician,0.34618588890875823,30,30,12,9,0.9,0.9166666666666666,0.7777777777777778
LOGREG,matched,-5,awgn,0.26991229907257364,30,30,7,4,1.0,1.0,1.0
LOGREG,matched,-5,rayleigh,0.39792030798763955,30,30,7,7,0.9,0.8571428571428571,0.8571428571428571
LOGREG,matched,-5,rician,0.43986521247487254,30,30,6,8,1.0,1.0,1.0
LOGREG,matched,0,awgn,0.4659793653549699,30,30,5,7,1.0,1.0,1.0
LOGREG,matched,0,rayleigh,0.2763946148178628,30,30,5,10,0.9666666666666667,1.0,0.9
LOGREG,matched,0,rician,0.34911543914654447,30,30,7,6,1.0,1.0,1.0
LOGREG,matched,5,awgn,0.4722064991179355,30,30,6,10,1.0,1.0,1.0
LOGREG,matched,5,rayleigh,0.33370523292187854,30,30,4,12,1.0,1.0,1.0
LOGREG,matched,5,rician,0.3559713580081008,30,30,9,13,1.0,1.0,1.0
LOGREG,matched,10,awgn,0.4003626103515991,30,30,12,6,1.0,1.0,1.0
LOGREG,matched,10,rayleigh,0.38074402642806354,30,30,13,6,1.0,1.0,1.0
LOGREG,matched,10,rician,0.4145341598861002,30,30,7,9,1.0,1.0,1.0
DTREE,matched,-20,awgn,0.37185581303228393,30,30,6,7,0.13333333333333333,0.16666666666666666,0.14285714285714285
DTREE,matched,-20,rayleigh,0.1800915209094892,30,30,9,7,0.36666666666666664,0.3333333333333333,0.42857142857142855
DTREE,matched,-20,rician,0.3235000927914317,30,30,13,1,0.16666666666666666,0.38461538461538464,0.0
DTREE,matched,-15,awgn,0.2992125984251969,30,30,4,11,0.4,0.75,0.2727272727272727
DTREE,matched,-15,rayleigh,0.3045854562297361,30,30,8,8,0.36666666666666664,0.25,0.375
DTREE,matched,-15,rician,0.5420875420875421,30,30,5,11,0.36666666666666664,0.6,0.36363636363636365
DTREE,matched,-10,awgn,0.2992125984251969,30,30,5,7,1.0,1.0,1.0
DTREE,matched,-10,rayleigh,0.2992125984251969,30,30,10,6,0.6666666666666666,0.6,0.5
DTREE,matched,-10,rician,0.29095354523227385,30,30,12,9,0.8666666666666667,0.9166666666666666,0.7777777777777778
DTREE,matched,-5,awgn,0.2992125984251969,30,30,7,4,1.0,1.0,1.0
DTREE,matched,-5,rayleigh,0.5420875420875421,30,30,7,7,0.8333333333333334,0.8571428571428571,0.7142857142857143
DTREE,matched,-5,rician,0.2992125984251969,30,30,6,8,1.0,1.0,1.0
DTREE,matched,0,awgn,0.2992125984251969,30,30,5,7,1.0,1.0,1.0
DTREE,matched,0,rayleigh,0.1792656155901969,30,30,5,10,1.0,1.0,1.0
DTREE,matched,0,rician,0.2992125984251969,30,30,7,6,1.0,1.0,1.0
DTREE,matched,5,awgn,0.3235000927914317,30,30,6,10,1.0,1.0,1.0
DTREE,matched,5,rayleigh,0.2917794505515662,30,30,4,12,1.0,1.0,1.0
DTREE,matched,5,rician,0.3045854562297361,30,30,9,13,1.0,1.0,1.0
DTREE,matched,10,awgn,0.2992125984251969,30,30,12,6,1.0,1.0,1.0
DTREE,matched,10,rayleigh,0.2992125984251969,30,30,13,6,1.0,1.0,1.0
DTREE,matched,10,rician,0.2917794505515662,30,30,7,9,1.0,1.0,1.0
KNN,matched,-20,awgn,0.4040000000000001,30,30,6,7,0.2,0.0,0.14285714285714285
KNN,matched,-20,rayleigh,0.32400000000000007,30,30,9,7,0.23333333333333334,0.2222222222222222,0.14285714285714285
KNN,matched,-20,rician,0.32400000000000007,30,30,13,1,0.26666666666666666,0.38461538461538464,1.0
KNN,matched,-15,awgn,0.4040000000000001,30,30,4,11,0.16666666666666666,0.25,0.09090909090909091
KNN,matched,-15,rayleigh,0.4,30,30,8,8,0.2,0.0,0.375
KNN,matched,-15,rician,0.48,30,30,5,11,0.13333333333333333,0.2,0.18181818181818182
KNN,matched,-10,awgn,0.36,30,30,5,7,0.8333333333333334,0.8,1.0
KNN,matched,-10,rayleigh,0.28800000000000014,30,30,10,6,0.7666666666666667,0.8,0.8333333333333334
KNN,matched,-10,rician,0.32,30,30,12,9,0.8666666666666667,0.9166666666666666,0.6666666666666666
KNN,matched,-5,awgn,0.32,30,30,7,4,1.0,1.0,1.0
KNN,matched,-5,rayleigh,0.36400000000000005,30,30,7,7,0.9,1.0,0.8571428571428571
KNN,matched,-5,rician,0.32,30,30,6,8,1.0,1.0,1.0
KNN,matched,0,awgn,0.32400000000000007,30,30,5,7,1.0,1.0,1.0
KNN,matched,0,rayleigh,0.36400000000000005,30,30,5,10,0.9666666666666667,1.0,0.9
KNN,matched,0,rician,0.36400000000000005,30,30,7,6,1.0,1.0,1.0
KNN,matched,5,awgn,0.36,30,30,6,10,1.0,1.0,1.0
KNN,matched,5,rayleigh,0.32400000000000007,30,30,4,12,1.0,1.0,1.0
KNN,matched,5,rician,0.32,30,30,9,13,1.0,1.0,1.0
KNN,matched,10,awgn,0.36400000000000005,30,30,12,6,1.0,1.0,1.0
KNN,matched,10,rayleigh,0.32400000000000007,30,30,13,6,1.0,1.0,1.0
KNN,matched,10,rician,0.36400000000000005,30,30,7,9,1.0,1.0,1.0
SVM,matched,-20,awgn,0.42797224170816195,30,30,6,7,0.26666666666666666,0.5,0.14285714285714285
SVM,matched,-20,rayleigh,0.3650041776134915,30,30,9,7,0.26666666666666666,0.3333333333333333,0.42857142857142855
SVM,matched,-20,rician,0.5211074668553068,30,30,13,1,0.2,0.46153846153846156,0.0
SVM,matched,-15,awgn,0.44893338449246056,30,30,4,11,0.4666666666666667,0.5,0.36363636363636365
SVM,matched,-15,rayleigh,0.42693073805202525,30,30,8,8,0.5,0.375,0.5
SVM,matched,-15,rician,0.5226423568865141,30,30,5,11,0.3333333333333333,0.4,0.36363636363636365
SVM,matched,-10,awgn,0.3789901550043068,30,30,5,7,1.0,1.0,1.0
SVM,matched,-10,rayleigh,0.3828825603718148,30,30,10,6,0.7666666666666667,0.7,1.0
SVM,matched,-10,rician,0.3471257075943448,30,30,12,9,0.9333333333333333,0.9166666666666666,0.8888888888888888
SVM,matched,-5,awgn,0.30355309604660013,30,30,7,4,1.0,1.0,1.0
SVM,matched,-5,rayleigh,0.4524867726131015,30,30,7,7,0.9333333333333333,1.0,0.8571428571428571
SVM,matched,-5,rician,0.42326875206861936,30,30,6,8,1.0,1.0,1.0
SVM,matched,0,awgn,0.4572890291745019,30,30,5,7,1.0,1.0,1.0
SVM,matched,0,rayleigh,0.34150124530463777,30,30,5,10,0.9666666666666667,1.0,0.9
SVM,matched,0,rician,0.4113328144487214,30,30,7,6,1.0,1.0,1.0
SVM,matched,5,awgn,0.4710839311816196,30,30,6,10,1.0,1.0,1.0
SVM,matched,5,rayleigh,0.2872976254667834,30,30,4,12,1.0,1.0,1.0
SVM,matched,5,rician,0.39065779925214006,30,30,9,13,1.0,1.0,1.0
SVM,matched,10,awgn,0.5165614727287617,30,30,12,6,1.0,1.0,1.0
SVM,matched,10,rayleigh,0.3789823297487373,30,30,13,6,1.0,1.0,1.0
SVM,matched,10,rician,0.379876966089281,30,30,7,9,1.0,1.0,1.0
RF,matched,-20,awgn,0.43014670759880885,30,30,6,7,0.16666666666666666,0.3333333333333333,0.14285714285714285
RF,matched,-20,rayleigh,0.3232429465520287,30,30,9,7,0.26666666666666666,0.3333333333333333,0.2857142857142857
RF,matched,-20,rician,0.32863516177296026,30,30,13,1,0.3333333333333333,0.6153846153846154,0.0
RF,matched,-15,awgn,0.41001407559183456,30,30,4,11,0.4666666666666667,0.75,0.2727272727272727
RF,matched,-15,rayleigh,0.3337367816053774,30,30,8,8,0.5,0.25,0.625
RF,matched,-15,rician,0.3803355454121226,30,30,5,11,0.5,1.0,0.36363636363636365
RF,matched,-10,awgn,0.3753025396113714,30,30,5,7,1.0,1.0,1.0
RF,matched,-10,rayleigh,0.3397379737531775,30,30,10,6,0.7333333333333333,0.8,0.6666666666666666
RF,matched,-10,rician,0.33597592638453033,30,30,12,9,0.8666666666666667,1.0,0.7777777777777778
RF,matched,-5,awgn,0.3256346653938223,30,30,7,4,1.0,1.0,1.0
RF,matched,-5,rayleigh,0.39798574751522225,30,30,7,7,0.9,0.8571428571428571,0.8571428571428571
RF,matched,-5,rician,0.3507175128805878,30,30,6,8,1.0,1.0,1.0
RF,matched,0,awgn,0.3126594738157598,30,30,5,7,1.0,1.0,1.0
RF,matched,0,rayleigh,0.27183356762288835,30,30,5,10,0.9666666666666667,1.0,0.9
RF,matched,0,rician,0.33290915925705344,30,30,7,6,1.0,1.0,1.0
RF,matched,5,awgn,0.4395049472818642,30,30,6,10,1.0,1.0,1.0
RF,matched,5,rayleigh,0.3312130415421398,30,30,4,12,1.0,1.0,1.0
RF,matched,5,rician,0.32471827618419374,30,30,9,13,1.0,1.0,1.0
RF,matched,10,awgn,0.3526969657562982,30,30,12,6,1.0,1.0,1.0
RF,matched,10,rayleigh,0.31121362356101817,30,30,13,6,1.0,1.0,1.0
RF,matched,10,rician,0.3703028950401792,30,30,7,9,1.0,1.0,1.0
MLP,matched,-20,awgn,0.34785446014236293,30,30,6,7,0.3,0.5,0.2857142857142857
MLP,matched,-20,rayleigh,0.37956668976628516,30,30,9,7,0.23333333333333334,0.3333333333333333,0.2857142857142857
MLP,matched,-20,rician,0.48745197091729914,30,30,13,1,0.16666666666666666,0.38461538461538464,0.0
MLP,matched,-15,awgn,0.3797531859236942,30,30,4,11,0.6666666666666666,0.75,0.5454545454545454
MLP,matched,-15,rayleigh,0.40803317146689116,30,30,8,8,0.4666666666666667,0.375,0.5
MLP,matched,-15,rician,0.49351494102801385,30,30,5,11,0.3,0.4,0.36363636363636365
MLP,matched,-10,awgn,0.37030745775689855,30,30,5,7,1.0,1.0,1.0
MLP,matched,-10,rayleigh,0.3361384265959729,30,30,10,6,0.8333333333333334,0.8,1.0
MLP,matched,-10,rician,0.287635479657383,30,30,12,9,0.9333333333333333,0.9166666666666666,0.8888888888888888
MLP,matched,-5,awgn,0.26400059191411446,30,30,7,4,1.0,1.0,1.0
MLP,matched,-5,rayleigh,0.4433876711078737,30,30,7,7,0.9333333333333333,1.0,0.8571428571428571
MLP,matched,-5,rician,0.401405955726255,30,30,6,8,1.0,1.0,1.0
MLP,matched,0,awgn,0.3199466185649992,30,30,5,7,1.0,1.0,1.0
MLP,matched,0,rayleigh,0.29514287867009475,30,30,5,10,1.0,1.0,1.0
MLP,matched,0,rician,0.4147643399218514,30,30,7,6,1.0,1.0,1.0
MLP,matched,5,awgn,0.4576406024438616,30,30,6,10,1.0,1.0,1.0
MLP,matched,5,rayleigh,0.2545825083775494,30,30,4,12,1.0,1.0,1.0
MLP,matched,5,rician,0.4057054138165505,30,30,9,13,1.0,1.0,1.0
MLP,matched,10,awgn,0.4718626700772182,30,30,12,6,1.0,1.0,1.0
MLP,matched,10,rayleigh,0.3412042979998908,30,30,13,6,1.0,1.0,1.0
MLP,matched,10,rician,0.34088978886846505,30,30,7,9,1.0,1.0,1.0
LOGREG,config1_no_16qam,-20,awgn,0.3246488655022003,30,30,6,7,0.2,0.3333333333333333,0.0
LOGREG,config1_no_16qam,-20,rayleigh,0.34012455264088254,30,30,9,7,0.3,0.3333333333333333,0.42857142857142855
LOGREG,config1_no_16qam,-20,rician,0.3763450548668896,30,30,13,1,0.26666666666666666,0.5384615384615384,0.0
LOGREG,config1_no_16qam,-15,awgn,0.34570623302890147,30,30,4,11,0.5666666666666667,0.75,0.45454545454545453
LOGREG,config1_no_16qam,-15,rayleigh,0.31863738153718973,30,30,8,8,0.5666666666666667,0.375,0.75
LOGREG,config1_no_16qam,-15,rician,0.3530587033978492,30,30,5,11,0.4666666666666667,0.8,0.36363636363636365
LOGREG,config1_no_16qam,-10,awgn,0.36347800255843504,30,30,5,7,1.0,1.0,1.0
LOGREG,config1_no_16qam,-10,rayleigh,0.30925873745130483,30,30,10,6,0.7666666666666667,0.8,0.8333333333333334
LOGREG,config1_no_16qam,-10,rician,0.2962707044032148,30,30,12,9,0.9333333333333333,0.9166666666666666,0.8888888888888888
LOGREG,config1_no_16qam,-5,awgn,0.2385986046107809,30,30,7,4,1.0,1.0,1.0
LOGREG,config1_no_16qam,-5,rayleigh,0.3190232101902704,30,30,7,7,0.9,0.8571428571428571,0.8571428571428571
LOGREG,config1_no_16qam,-5,rician,0.37942540412342457,30,30,6,8,1.0,1.0,1.0
LOGREG,config1_no_16qam,0,awgn,0.3708290299955158,30,30,5,7,1.0,1.0,1.0
LOGREG,config1_no_16qam,0,rayleigh,0.2147401696644198,30,30,5,10,0.9666666666666667,1.0,0.9
LOGREG,config1_no_16qam,0,rician,0.30032126055588393,30,30,7,6,1.0,1.0,1.0
LOGREG,config1_no_16qam,5,awgn,0.4139686462457628,30,30,6,10,1.0,1.0,1.0
LOGREG,config1_no_16qam,5,rayleigh,0.28787637456766957,30,30,4,12,1.0,1.0,1.0
LOGREG,config1_no_16qam,5,rician,0.29311972211854387,30,30,9,13,1.0,1.0,1.0
LOGREG,config1_no_16qam,10,awgn,0.32666595254185227,30,30,12,6,1.0,1.0,1.0
LOGREG,config1_no_16qam,10,rayleigh,0.31181944208866985,30,30,13,6,1.0,1.0,1.0
LOGREG,config1_no_16qam,10,rician,0.36747882524025693,30,30,7,9,1.0,1.0,1.0
DTREE,config1_no_16qam,-20,awgn,0.2976629766297663,30,30,6,7,0.0,0.0,0.0
DTREE,config1_no_16qam,-20,rayleigh,0.2976629766297663,30,30,9,7,0.03333333333333333,0.0,0.14285714285714285
DTREE,config1_no_16qam,-20,rician,0.2976629766297663,30,30,13,1,0.06666666666666667,0.15384615384615385,0.0
DTREE,config1_no_16qam,-15,awgn,0.2976629766297663,30,30,4,11,0.16666666666666666,0.25,0.0
DTREE,config1_no_16qam,-15,rayleigh,0.2976629766297663,30,30,8,8,0.2,0.25,0.125
DTREE,config1_no_16qam,-15,rician,0.2976629766297663,30,30,5,11,0.36666666666666664,0.6,0.36363636363636365
DTREE,config1_no_16qam,-10,awgn,0.2976629766297663,30,30,5,7,0.9666666666666667,0.8,1.0
DTREE,config1_no_16qam,-10,rayleigh,0.2976629766297663,30,30,10,6,0.6333333333333333,0.5,0.6666666666666666
DTREE,config1_no_16qam,-10,rician,0.2976629766297663,30,30,12,9,0.7666666666666667,0.8333333333333334,0.6666666666666666
DTREE,config1_no_16qam,-5,awgn,0.2976629766297663,30,30,7,4,1.0,1.0,1.0
DTREE,config1_no_16qam,-5,rayleigh,0.2976629766297663,30,30,7,7,0.8333333333333334,0.8571428571428571,0.7142857142857143
DTREE,config1_no_16qam,-5,rician,0.2976629766297663,30,30,6,8,0.9666666666666667,1.0,0.875
DTREE,config1_no_16qam,0,awgn,0.2976629766297663,30,30,5,7,1.0,1.0,1.0
DTREE,config1_no_16qam,0,rayleigh,0.23985275299438882,30,30,5,10,0.9666666666666667,1.0,0.9
DTREE,config1_no_16qam,0,rician,0.2976629766297663,30,30,7,6,1.0,1.0,1.0
DTREE,config1_no_16qam,5,awgn,0.2976629766297663,30,30,6,10,1.0,1.0,1.0
DTREE,config1_no_16qam,5,rayleigh,0.23985275299438882,30,30,4,12,1.0,1.0,1.0
DTREE,config1_no_16qam,5,rician,0.2976629766297663,30,30,9,13,1.0,1.0,1.0
DTREE,config1_no_16qam,10,awgn,0.2976629766297663,30,30,12,6,1.0,1.0,1.0
DTREE,config1_no_16qam,10,rayleigh,0.2976629766297663,30,30,13,6,1.0,1.0,1.0
DTREE,config1_no_16qam,10,rician,0.2976629766297663,30,30,7,9,1.0,1.0,1.0
KNN,config1_no_16qam,-20,awgn,0.296191159054089,30,30,6,7,0.26666666666666666,0.3333333333333333,0.2857142857142857
KNN,config1_no_16qam,-20,rayleigh,0.2853674887538574,30,30,9,7,0.26666666666666666,0.4444444444444444,0.2857142857142857
KNN,config1_no_16qam,-20,rician,0.29363736903436344,30,30,13,1,0.23333333333333334,0.3076923076923077,1.0
KNN,config1_no_16qam,-15,awgn,0.35703215832438995,30,30,4,11,0.23333333333333334,0.5,0.09090909090909091
KNN,config1_no_16qam,-15,rayleigh,0.341287133436693,30,30,8,8,0.16666666666666666,0.0,0.125
KNN,config1_no_16qam,-15,rician,0.33367971255682827,30,30,5,11,0.3,0.2,0.36363636363636365
KNN,config1_no_16qam,-10,awgn,0.3249216629240538,30,30,5,7,0.8,0.8,0.7142857142857143
KNN,config1_no_16qam,-10,rayleigh,0.282527292876838,30,30,10,6,0.7,0.7,0.6666666666666666
KNN,config1_no_16qam,-10,rician,0.2943566996979756,30,30,12,9,0.8333333333333334,0.8333333333333334,0.6666666666666666
KNN,config1_no_16qam,-5,awgn,0.2722188148424413,30,30,7,4,1.0,1.0,1.0
KNN,config1_no_16qam,-5,rayleigh,0.35547140525664533,30,30,7,7,0.8333333333333334,0.8571428571428571,0.8571428571428571
KNN,config1_no_16qam,-5,rician,0.27952066479332827,30,30,6,8,1.0,1.0,1.0
KNN,config1_no_16qam,0,awgn,0.2704728182973757,30,30,5,7,1.0,1.0,1.0
KNN,config1_no_16qam,0,rayleigh,0.31022157037495846,30,30,5,10,0.9666666666666667,1.0,0.9
KNN,config1_no_16qam,0,rician,0.3506090063594437,30,30,7,6,1.0,1.0,1.0
KNN,config1_no_16qam,5,awgn,0.30987011597111974,30,30,6,10,1.0,1.0,1.0
KNN,config1_no_16qam,5,rayleigh,0.263736205202994,30,30,4,12,1.0,1.0,1.0
KNN,config1_no_16qam,5,rician,0.27702367271689265,30,30,9,13,1.0,1.0,1.0
KNN,config1_no_16qam,10,awgn,0.32042895790303233,30,30,12,6,1.0,1.0,1.0
KNN,config1_no_16qam,10,rayleigh,0.33263178551028744,30,30,13,6,1.0,1.0,1.0
KNN,config1_no_16qam,10,rician,0.297588190706665,30,30,7,9,1.0,1.0,1.0
SVM,config1_no_16qam,-20,awgn,0.3605655400515664,30,30,6,7,0.23333333333333334,0.5,0.14285714285714285
SVM,config1_no_16qam,-20,rayleigh,0.29549823970965855,30,30,9,7,0.23333333333333334,0.3333333333333333,0.2857142857142857
SVM,config1_no_16qam,-20,rician,0.44050197871705116,30,30,13,1,0.16666666666666666,0.38461538461538464,0.0
SVM,config1_no_16qam,-15,awgn,0.3763185305904978,30,30,4,11,0.5,0.75,0.45454545454545453
SVM,config1_no_16qam,-15,rayleigh,0.3664618321740695,30,30,8,8,0.43333333333333335,0.375,0.5
SVM,config1_no_16qam,-15,rician,0.46566655401533913,30,30,5,11,0.3,0.4,0.36363636363636365
SVM,config1_no_16qam,-10,awgn,0.3303506167643872,30,30,5,7,1.0,1.0,1.0
SVM,config1_no_16qam,-10,rayleigh,0.3200118208335147,30,30,10,6,0.7666666666666667,0.7,1.0
SVM,config1_no_16qam,-10,rician,0.29681102810663385,30,30,12,9,0.9,0.9166666666666666,0.8888888888888888
SVM,config1_no_16qam,-5,awgn,0.23135820634728277,30,30,7,4,1.0,1.0,1.0
SVM,config1_no_16qam,-5,rayleigh,0.3961280255994695,30,30,7,7,0.9333333333333333,1.0,0.8571428571428571
SVM,config1_no_16qam,-5,rician,0.360476426344601,30,30,6,8,1.0,1.0,1.0
SVM,config1_no_16qam,0,awgn,0.36396974112386826,30,30,5,7,1.0,1.0,1.0
SVM,config1_no_16qam,0,rayleigh,0.26349325232790377,30,30,5,10,0.9666666666666667,1.0,0.9
SVM,config1_no_16qam,0,rician,0.34509992417356145,30,30,7,6,1.0,1.0,1.0
SVM,config1_no_16qam,5,awgn,0.34712839874458323,30,30,6,10,1.0,1.0,1.0
SVM,config1_no_16qam,5,rayleigh,0.2222192743225117,30,30,4,12,1.0,1.0,1.0
SVM,config1_no_16qam,5,rician,0.29483466649067136,30,30,9,13,1.0,1.0,1.0
SVM,config1_no_16qam,10,awgn,0.4208675681699942,30,30,12,6,1.0,1.0,1.0
SVM,config1_no_16qam,10,rayleigh,0.3010964293495926,30,30,13,6,1.0,1.0,1.0
SVM,config1_no_16qam,10,rician,0.33728067919354576,30,30,7,9,1.0,1.0,1.0
RF,config1_no_16qam,-20,awgn,0.3993426175663317,30,30,6,7,0.1,0.16666666666666666,0.0
RF,config1_no_16qam,-20,rayleigh,0.24198137276089185,30,30,9,7,0.3,0.3333333333333333,0.2857142857142857
RF,config1_no_16qam,-20,rician,0.310254447325678,30,30,13,1,0.26666666666666666,0.5384615384615384,0.0
RF,config1_no_16qam,-15,awgn,0.31441666887202596,30,30,4,11,0.4666666666666667,0.75,0.2727272727272727
RF,config1_no_16qam,-15,rayleigh,0.2818813644939788,30,30,8,8,0.5,0.25,0.625
RF,config1_no_16qam,-15,rician,0.35365698074382035,30,30,5,11,0.4666666666666667,0.8,0.36363636363636365
RF,config1_no_16qam,-10,awgn,0.2722937777106436,30,30,5,7,1.0,1.0,1.0
RF,config1_no_16qam,-10,rayleigh,0.2958455469465604,30,30,10,6,0.7666666666666667,0.8,0.8333333333333334
RF,config1_no_16qam,-10,rician,0.2622307971983044,30,30,12,9,0.9,1.0,0.7777777777777778
RF,config1_no_16qam,-5,awgn,0.28936666537366423,30,30,7,4,1.0,1.0,1.0
RF,config1_no_16qam,-5,rayleigh,0.2783371190041646,30,30,7,7,0.9333333333333333,1.0,0.8571428571428571
RF,config1_no_16qam,-5,rician,0.28650719873065383,30,30,6,8,1.0,1.0,1.0
RF,config1_no_16qam,0,awgn,0.28631921183121845,30,30,5,7,1.0,1.0,1.0
RF,config1_no_16qam,0,rayleigh,0.21736357886198093,30,30,5,10,0.9666666666666667,1.0,0.9
RF,config1_no_16qam,0,rician,0.2512855865827198,30,30,7,6,1.0,1.0,1.0
RF,config1_no_16qam,5,awgn,0.32303595022505466,30,30,6,10,1.0,1.0,1.0
RF,config1_no_16qam,5,rayleigh,0.25099484552929224,30,30,4,12,1.0,1.0,1.0
RF,config1_no_16qam,5,rician,0.2865382872754225,30,30,9,13,1.0,1.0,1.0
RF,config1_no_16qam,10,awgn,0.29185593688343514,30,30,12,6,1.0,1.0,1.0
RF,config1_no_16qam,10,rayleigh,0.26458110732451434,30,30,13,6,1.0,1.0,1.0
RF,config1_no_16qam,10,rician,0.2940258629428272,30,30,7,9,1.0,1.0,1.0
MLP,config1_no_16qam,-20,awgn,0.33108902428686726,30,30,6,7,0.3,0.3333333333333333,0.2857142857142857
MLP,config1_no_16qam,-20,rayleigh,0.3076559304442117,30,30,9,7,0.23333333333333334,0.3333333333333333,0.2857142857142857
MLP,config1_no_16qam,-20,rician,0.45854992212887863,30,30,13,1,0.2,0.46153846153846156,0.0
MLP,config1_no_16qam,-15,awgn,0.3652300698415078,30,30,4,11,0.5,0.5,0.45454545454545453
MLP,config1_no_16qam,-15,rayleigh,0.37547204258802463,30,30,8,8,0.4666666666666667,0.375,0.5
MLP,config1_no_16qam,-15,rician,0.4224618689382541,30,30,5,11,0.4,0.4,0.45454545454545453
MLP,config1_no_16qam,-10,awgn,0.32446535631592216,30,30,5,7,1.0,1.0,1.0
MLP,config1_no_16qam,-10,rayleigh,0.3469779452434924,30,30,10,6,0.8,0.7,1.0
MLP,config1_no_16qam,-10,rician,0.2956828682470247,30,30,12,9,0.9,0.9166666666666666,0.8888888888888888
MLP,config1_no_16qam,-5,awgn,0.2133558406136231,30,30,7,4,1.0,1.0,1.0
MLP,config1_no_16qam,-5,rayleigh,0.4015517523847541,30,30,7,7,0.9333333333333333,1.0,0.8571428571428571
MLP,config1_no_16qam,-5,rician,0.34460673489700555,30,30,6,8,1.0,1.0,1.0
MLP,config1_no_16qam,0,awgn,0.3632367382818167,30,30,5,7,1.0,1.0,1.0
MLP,config1_no_16qam,0,rayleigh,0.26230863287591066,30,30,5,10,0.9666666666666667,1.0,0.9
MLP,config1_no_16qam,0,rician,0.3813175878072706,30,30,7,6,1.0,1.0,1.0
MLP,config1_no_16qam,5,awgn,0.432292999057148,30,30,6,10,1.0,1.0,1.0
MLP,config1_no_16qam,5,rayleigh,0.24840956638562975,30,30,4,12,1.0,1.0,1.0
MLP,config1_no_16qam,5,rician,0.31119809512157465,30,30,9,13,1.0,1.0,1.0
MLP,config1_no_16qam,10,awgn,0.47731789914428185,30,30,12,6,1.0,1.0,1.0
MLP,config1_no_16qam,10,rayleigh,0.3459058949387347,30,30,13,6,1.0,1.0,1.0
MLP,config1_no_16qam,10,rician,0.35672020010571753,30,30,7,9,1.0,1.0,1.0
LOGREG,config2_no_fsk,-20,awgn,0.3805330042486909,30,30,6,7,0.2,0.3333333333333333,0.0
LOGREG,config2_no_fsk,-20,rayleigh,0.35366836888306696,30,30,9,7,0.26666666666666666,0.3333333333333333,0.42857142857142855
LOGREG,config2_no_fsk,-20,rician,0.3979448549092866,30,30,13,1,0.23333333333333334,0.46153846153846156,0.0
LOGREG,config2_no_fsk,-15,awgn,0.3279271091296292,30,30,4,11,0.6,0.75,0.45454545454545453
LOGREG,config2_no_fsk,-15,rayleigh,0.2994111083993712,30,30,8,8,0.5,0.375,0.5
LOGREG,config2_no_fsk,-15,rician,0.37945420983293354,30,30,5,11,0.4666666666666667,0.8,0.36363636363636365
LOGREG,config2_no_fsk,-10,awgn,0.34892359445307486,30,30,5,7,1.0,1.0,1.0
LOGREG,config2_no_fsk,-10,rayleigh,0.294425745355669,30,30,10,6,0.8,0.8,0.8333333333333334
LOGREG,config2_no_fsk,-10,rician,0.35056522553088926,30,30,12,9,0.8666666666666667,0.9166666666666666,0.7777777777777778
LOGREG,config2_no_fsk,-5,awgn,0.23974470078787213,30,30,7,4,1.0,1.0,1.0
LOGREG,config2_no_fsk,-5,rayleigh,0.36468183377848346,30,30,7,7,0.8666666666666667,0.8571428571428571,0.7142857142857143
LOGREG,config2_no_fsk,-5,rician,0.3359980266853155,30,30,6,8,1.0,1.0,1.0
LOGREG,config2_no_fsk,0,awgn,0.43661469768859146,30,30,5,7,1.0,1.0,1.0
LOGREG,config2_no_fsk,0,rayleigh,0.26641650879424034,30,30,5,10,0.9666666666666667,1.0,0.9
LOGREG,config2_no_fsk,0,rician,0.29024782943982985,30,30,7,6,1.0,1.0,1.0
LOGREG,config2_no_fsk,5,awgn,0.39733575612959854,30,30,6,10,1.0,1.0,1.0
LOGREG,config2_no_fsk,5,rayleigh,0.2320054637864266,30,30,4,12,1.0,1.0,1.0
LOGREG,config2_no_fsk,5,rician,0.3195103272282024,30,30,9,13,1.0,1.0,1.0
LOGREG,config2_no_fsk,10,awgn,0.3293532919738033,30,30,12,6,1.0,1.0,1.0
LOGREG,config2_no_fsk,10,rayleigh,0.330043662769653,30,30,13,6,1.0,1.0,1.0
LOGREG,config2_no_fsk,10,rician,0.35545132849837563,30,30,7,9,1.0,1.0,1.0
DTREE,config2_no_fsk,-20,awgn,0.29979166666666696,30,30,6,7,0.13333333333333333,0.16666666666666666,0.14285714285714285
DTREE,config2_no_fsk,-20,rayleigh,0.14122657146500076,30,30,9,7,0.36666666666666664,0.3333333333333333,0.42857142857142855
DTREE,config2_no_fsk,-20,rician,0.2659560067681898,30,30,13,1,0.16666666666666666,0.38461538461538464,0.0
DTREE,config2_no_fsk,-15,awgn,0.2436548223350254,30,30,4,11,0.4,0.75,0.2727272727272727
DTREE,config2_no_fsk,-15,rayleigh,0.2474143401015229,30,30,8,8,0.36666666666666664,0.25,0.375
DTREE,config2_no_fsk,-15,rician,0.4666666666666667,30,30,5,11,0.36666666666666664,0.6,0.36363636363636365
DTREE,config2_no_fsk,-10,awgn,0.2436548223350254,30,30,5,7,1.0,1.0,1.0
DTREE,config2_no_fsk,-10,rayleigh,0.2436548223350254,30,30,10,6,0.6666666666666666,0.6,0.5
DTREE,config2_no_fsk,-10,rician,0.2436548223350254,30,30,12,9,0.8,0.9166666666666666,0.6666666666666666
DTREE,config2_no_fsk,-5,awgn,0.21967340012206563,30,30,7,4,1.0,1.0,1.0
DTREE,config2_no_fsk,-5,rayleigh,0.4666666666666667,30,30,7,7,0.8333333333333334,0.8571428571428571,0.7142857142857143
DTREE,config2_no_fsk,-5,rician,0.21700879765395895,30,30,6,8,1.0,1.0,1.0
DTREE,config2_no_fsk,0,awgn,0.2436548223350254,30,30,5,7,1.0,1.0,1.0
DTREE,config2_no_fsk,0,rayleigh,0.14122657146500076,30,30,5,10,1.0,1.0,1.0
DTREE,config2_no_fsk,0,rician,0.2436548223350254,30,30,7,6,1.0,1.0,1.0
DTREE,config2_no_fsk,5,awgn,0.2659560067681898,30,30,6,10,1.0,1.0,1.0
DTREE,config2_no_fsk,5,rayleigh,0.2436548223350254,30,30,4,12,1.0,1.0,1.0
DTREE,config2_no_fsk,5,rician,0.2474143401015229,30,30,9,13,1.0,1.0,1.0
DTREE,config2_no_fsk,10,awgn,0.2436548223350254,30,30,12,6,1.0,1.0,1.0
DTREE,config2_no_fsk,10,rayleigh,0.21700879765395895,30,30,13,6,1.0,1.0,1.0
DTREE,config2_no_fsk,10,rician,0.2436548223350254,30,30,7,9,1.0,1.0,1.0
KNN,config2_no_fsk,-20,awgn,0.32286605671747637,30,30,6,7,0.26666666666666666,0.0,0.2857142857142857
KNN,config2_no_fsk,-20,rayleigh,0.29823703572632043,30,30,9,7,0.23333333333333334,0.1111111111111111,0.2857142857142857
KNN,config2_no_fsk,-20,rician,0.27797814849061014,30,30,13,1,0.2,0.3076923076923077,1.0
KNN,config2_no_fsk,-15,awgn,0.34032166213583886,30,30,4,11,0.2,0.25,0.09090909090909091
KNN,config2_no_fsk,-15,rayleigh,0.31650509074521543,30,30,8,8,0.16666666666666666,0.0,0.25
KNN,config2_no_fsk,-15,rician,0.35829522952091425,30,30,5,11,0.16666666666666666,0.2,0.18181818181818182
KNN,config2_no_fsk,-10,awgn,0.30659093856020203,30,30,5,7,0.8,0.8,0.7142857142857143
KNN,config2_no_fsk,-10,rayleigh,0.2586279014787496,30,30,10,6,0.7333333333333333,0.8,0.6666666666666666
KNN,config2_no_fsk,-10,rician,0.2858147546770144,30,30,12,9,0.9,0.9166666666666666,0.7777777777777778
KNN,config2_no_fsk,-5,awgn,0.2637768979271078,30,30,7,4,1.0,1.0,1.0
KNN,config2_no_fsk,-5,rayleigh,0.3180173860280472,30,30,7,7,0.9,1.0,0.8571428571428571
KNN,config2_no_fsk,-5,rician,0.27046489504359217,30,30,6,8,1.0,1.0,1.0
KNN,config2_no_fsk,0,awgn,0.2547606111608546,30,30,5,7,1.0,1.0,1.0
KNN,config2_no_fsk,0,rayleigh,0.26898244994348075,30,30,5,10,0.9666666666666667,1.0,0.9
KNN,config2_no_fsk,0,rician,0.3309854254858037,30,30,7,6,1.0,1.0,1.0
KNN,config2_no_fsk,5,awgn,0.32453513781745935,30,30,6,10,1.0,1.0,1.0
KNN,config2_no_fsk,5,rayleigh,0.2469752148151733,30,30,4,12,1.0,1.0,1.0
KNN,config2_no_fsk,5,rician,0.25179505151938575,30,30,9,13,1.0,1.0,1.0
KNN,config2_no_fsk,10,awgn,0.35178334721163573,30,30,12,6,1.0,1.0,1.0
KNN,config2_no_fsk,10,rayleigh,0.28254556506212575,30,30,13,6,1.0,1.0,1.0
KNN,config2_no_fsk,10,rician,0.32506150617904356,30,30,7,9,1.0,1.0,1.0
SVM,config2_no_fsk,-20,awgn,0.37537155724346416,30,30,6,7,0.3333333333333333,0.5,0.2857142857142857
SVM,config2_no_fsk,-20,rayleigh,0.30476042578508605,30,30,9,7,0.26666666666666666,0.3333333333333333,0.42857142857142855
SVM,config2_no_fsk,-20,rician,0.45029461202182847,30,30,13,1,0.2,0.46153846153846156,0.0
SVM,config2_no_fsk,-15,awgn,0.3633079969386168,30,30,4,11,0.5333333333333333,0.75,0.45454545454545453
SVM,config2_no_fsk,-15,rayleigh,0.36265802851926593,30,30,8,8,0.5333333333333333,0.375,0.625
SVM,config2_no_fsk,-15,rician,0.4606347353585852,30,30,5,11,0.36666666666666664,0.4,0.45454545454545453
SVM,config2_no_fsk,-10,awgn,0.309506305937485,30,30,5,7,1.0,1.0,1.0
SVM,config2_no_fsk,-10,rayleigh,0.3311321080080485,30,30,10,6,0.7333333333333333,0.7,0.8333333333333334
SVM,config2_no_fsk,-10,rician,0.27277912481475697,30,30,12,9,0.9333333333333333,0.9166666666666666,0.8888888888888888
SVM,config2_no_fsk,-5,awgn,0.2606971108030484,30,30,7,4,1.0,1.0,1.0
SVM,config2_no_fsk,-5,rayleigh,0.39026117360035234,30,30,7,7,0.9333333333333333,1.0,0.8571428571428571
SVM,config2_no_fsk,-5,rician,0.3486612365461115,30,30,6,8,1.0,1.0,1.0
SVM,config2_no_fsk,0,awgn,0.4076302936432248,30,30,5,7,1.0,1.0,1.0
SVM,config2_no_fsk,0,rayleigh,0.28682028395384973,30,30,5,10,0.9666666666666667,1.0,0.9
SVM,config2_no_fsk,0,rician,0.3905376718016985,30,30,7,6,1.0,1.0,1.0
SVM,config2_no_fsk,5,awgn,0.38024010967941363,30,30,6,10,1.0,1.0,1.0
SVM,config2_no_fsk,5,rayleigh,0.2620780555870964,30,30,4,12,1.0,1.0,1.0
SVM,config2_no_fsk,5,rician,0.32601807178554354,30,30,9,13,1.0,1.0,1.0
SVM,config2_no_fsk,10,awgn,0.47701095790772285,30,30,12,6,1.0,1.0,1.0
SVM,config2_no_fsk,10,rayleigh,0.33438228677514575,30,30,13,6,1.0,1.0,1.0
SVM,config2_no_fsk,10,rician,0.3416606093527902,30,30,7,9,1.0,1.0,1.0
RF,config2_no_fsk,-20,awgn,0.3659761752879737,30,30,6,7,0.13333333333333333,0.16666666666666666,0.0
RF,config2_no_fsk,-20,rayleigh,0.2815606633293157,30,30,9,7,0.3,0.3333333333333333,0.42857142857142855
RF,config2_no_fsk,-20,rician,0.2766224697608835,30,30,13,1,0.3,0.6153846153846154,0.0
RF,config2_no_fsk,-15,awgn,0.31955261316595635,30,30,4,11,0.4666666666666667,0.75,0.2727272727272727
RF,config2_no_fsk,-15,rayleigh,0.2634953255820565,30,30,8,8,0.4666666666666667,0.25,0.5
RF,config2_no_fsk,-15,rician,0.3484843614298215,30,30,5,11,0.43333333333333335,0.8,0.36363636363636365
RF,config2_no_fsk,-10,awgn,0.29160236218304825,30,30,5,7,1.0,1.0,1.0
RF,config2_no_fsk,-10,rayleigh,0.27620825870229,30,30,10,6,0.7333333333333333,0.8,0.6666666666666666
RF,config2_no_fsk,-10,rician,0.26555482731573793,30,30,12,9,0.9,1.0,0.6666666666666666
RF,config2_no_fsk,-5,awgn,0.24193110879499738,30,30,7,4,1.0,1.0,1.0
RF,config2_no_fsk,-5,rayleigh,0.34235418481544283,30,30,7,7,0.8666666666666667,0.8571428571428571,0.7142857142857143
RF,config2_no_fsk,-5,rician,0.31520369216647864,30,30,6,8,1.0,1.0,1.0
RF,config2_no_fsk,0,awgn,0.28748609081567067,30,30,5,7,1.0,1.0,1.0
RF,config2_no_fsk,0,rayleigh,0.2508659101860377,30,30,5,10,0.9666666666666667,1.0,0.9
RF,config2_no_fsk,0,rician,0.24146392499157898,30,30,7,6,1.0,1.0,1.0
RF,config2_no_fsk,5,awgn,0.33902827238153727,30,30,6,10,1.0,1.0,1.0
RF,config2_no_fsk,5,rayleigh,0.2389069808772951,30,30,4,12,1.0,1.0,1.0
RF,config2_no_fsk,5,rician,0.30267321615690856,30,30,9,13,1.0,1.0,1.0
RF,config2_no_fsk,10,awgn,0.2677359031028724,30,30,12,6,1.0,1.0,1.0
RF,config2_no_fsk,10,rayleigh,0.2584200212052527,30,30,13,6,1.0,1.0,1.0
RF,config2_no_fsk,10,rician,0.2954396483802747,30,30,7,9,1.0,1.0,1.0
MLP,config2_no_fsk,-20,awgn,0.393350600891725,30,30,6,7,0.26666666666666666,0.3333333333333333,0.14285714285714285
MLP,config2_no_fsk,-20,rayleigh,0.3532131271881019,30,30,9,7,0.23333333333333334,0.3333333333333333,0.2857142857142857
MLP,config2_no_fsk,-20,rician,0.42549172683978365,30,30,13,1,0.2,0.46153846153846156,0.0
MLP,config2_no_fsk,-15,awgn,0.3487407841060496,30,30,4,11,0.6,0.75,0.45454545454545453
MLP,config2_no_fsk,-15,rayleigh,0.38512593208876694,30,30,8,8,0.5,0.375,0.5
MLP,config2_no_fsk,-15,rician,0.4789423406320318,30,30,5,11,0.36666666666666664,0.4,0.45454545454545453
MLP,config2_no_fsk,-10,awgn,0.366827630204977,30,30,5,7,1.0,1.0,1.0
MLP,config2_no_fsk,-10,rayleigh,0.32241021880853304,30,30,10,6,0.7666666666666667,0.8,0.8333333333333334
MLP,config2_no_fsk,-10,rician,0.24980517215834516,30,30,12,9,0.9333333333333333,0.9166666666666666,0.8888888888888888
MLP,config2_no_fsk,-5,awgn,0.24579832722262043,30,30,7,4,1.0,1.0,1.0
MLP,config2_no_fsk,-5,rayleigh,0.40552392372395746,30,30,7,7,0.9333333333333333,1.0,0.8571428571428571
MLP,config2_no_fsk,-5,rician,0.3519675464500284,30,30,6,8,1.0,1.0,1.0
MLP,config2_no_fsk,0,awgn,0.3191312455436785,30,30,5,7,1.0,1.0,1.0
MLP,config2_no_fsk,0,rayleigh,0.30074017534477043,30,30,5,10,0.9666666666666667,1.0,0.9
MLP,config2_no_fsk,0,rician,0.35793034226324505,30,30,7,6,1.0,1.0,1.0
MLP,config2_no_fsk,5,awgn,0.3430064250204426,30,30,6,10,1.0,1.0,1.0
MLP,config2_no_fsk,5,rayleigh,0.27331936458950734,30,30,4,12,1.0,1.0,1.0
MLP,config2_no_fsk,5,rician,0.3956848629547475,30,30,9,13,1.0,1.0,1.0
MLP,config2_no_fsk,10,awgn,0.4443371085589329,30,30,12,6,1.0,1.0,1.0
MLP,config2_no_fsk,10,rayleigh,0.34158954043873135,30,30,13,6,1.0,1.0,1.0
MLP,config2_no_fsk,10,rician,0.32432969851574517,30,30,7,9,1.0,1.0,1.0
