mean_fit_time,std_fit_time,mean_score_time,std_score_time,param_clf__C,param_clf__gamma,param_clf__kernel,params,split0_test_score,split1_test_score,split2_test_score,split3_test_score,split4_test_score,mean_test_score,std_test_score,rank_test_score
12.031629848480225,0.13771099543996526,0.8415465354919434,0.04474932608274255,0.1,scale,rbf,"{'clf__C': 0.1, 'clf__gamma': 'scale', 'clf__kernel': 'rbf'}",0.8988818316442224,0.9030612244897959,0.9011667592206951,0.8881079642741451,0.891257693553612,0.8964950946364942,0.005803608370656496,7
13.160310697555541,0.2779108052229005,0.9176225185394287,0.02794378424283251,0.1,0.01,rbf,"{'clf__C': 0.1, 'clf__gamma': 0.01, 'clf__kernel': 'rbf'}",0.9003135267712529,0.9016063908556621,0.8972621361469758,0.8936178212781712,0.8885851959831552,0.8962770142070434,0.0047307827894060225,8
11.421826696395874,0.16947860175730686,0.7859162330627442,0.023607935986527977,0.1,0.1,rbf,"{'clf__C': 0.1, 'clf__gamma': 0.1, 'clf__kernel': 'rbf'}",0.896325026609283,0.9012911286963765,0.9005622657226156,0.8848136193252811,0.8898722754407886,0.894572863158869,0.006346912269109013,9
9.54500117301941,0.13264951739162034,0.6696386337280273,0.039849713895049,1.0,scale,rbf,"{'clf__C': 1, 'clf__gamma': 'scale', 'clf__kernel': 'rbf'}",0.9002354343097783,0.9051118746818455,0.9027286084501827,0.8936380674718867,0.8919055717525106,0.8987239113332407,0.005128039369396171,5
10.312155723571777,0.14203916141915657,0.7702681064605713,0.08266400616377952,1.0,0.01,rbf,"{'clf__C': 1, 'clf__gamma': 0.01, 'clf__kernel': 'rbf'}",0.9008370354944697,0.9053403674394928,0.9016960525706881,0.8948817622287011,0.8927414503216251,0.8990993336109954,0.004624362631237042,4
9.357860898971557,0.11779601707481181,0.6695565223693848,0.03124157799504546,1.0,0.1,rbf,"{'clf__C': 1, 'clf__gamma': 0.1, 'clf__kernel': 'rbf'}",0.9001862649821833,0.9056874450460457,0.9035471331389698,0.8909829237817577,0.8922642186126151,0.8985335971123144,0.005922198398481653,6
8.851766777038574,0.13143849709083638,0.5902517795562744,0.028565728912359218,10.0,scale,rbf,"{'clf__C': 10, 'clf__gamma': 'scale', 'clf__kernel': 'rbf'}",0.9016353139895414,0.9068588319681614,0.9051581516960525,0.8949222546161322,0.8938376370956546,0.9004824378731084,0.005271031018169962,2
8.841851186752319,0.06697666185710198,0.6759082794189453,0.04670194084336619,10.0,0.01,rbf,"{'clf__C': 10, 'clf__gamma': 0.01, 'clf__kernel': 'rbf'}",0.9015861446619464,0.9061097228006849,0.9030236244157527,0.8972592438335879,0.8947284696191402,0.9005414410662225,0.004069935060328586,1
9.61895818710327,0.5289883218210008,0.5665122509002686,0.03259840874270913,10.0,0.1,rbf,"{'clf__C': 10, 'clf__gamma': 0.1, 'clf__kernel': 'rbf'}",0.9002122958026747,0.9059535378777361,0.9054126752741913,0.891980771900597,0.8951825628210468,0.8997483687352492,0.005513363133509879,3
